datetime_stamp,Machine_Id,Plant_Id,Vibration_Level,Motor_Temperature,Oil_Pressure,Power_Consumption,Throughput,Bearing_Wear_Index,Anomaly_Flag
2025-08-09 12:00:00,CR-112,PL-02,2.67,66.43,10.12,436.71,299.92,4.16,0
2025-08-07 04:00:00,CR-111,PL-05,5.08,73.03,11.89,486.35,284.21,14.78,0
2025-08-15 08:00:00,CR-131,PL-02,3.82,64.13,11.76,466.23,304.45,15.96,0
2025-08-20 06:00:00,CR-148,PL-05,3.14,69.05,11.93,433.39,309.24,15.65,0
2025-08-07 06:00:00,CR-133,PL-02,2.3,71.77,11.8,448.06,322.86,18.36,0
2025-08-06 23:00:00,CR-105,PL-03,4.42,66.49,12.46,382.43,358.97,17.08,0
2025-08-22 04:00:00,CR-144,PL-05,3.46,65.24,12.88,457.9,324.89,21.09,0
2025-08-27 05:00:00,CR-123,PL-03,3.33,68.65,12.27,464.91,304.65,14.78,0
2025-08-21 05:00:00,CR-136,PL-05,4.46,68.19,9.94,406.31,276.4,19.13,0
2025-08-03 10:00:00,CR-119,PL-03,3.17,69.48,11.14,470.25,288.61,16.27,0
2025-08-02 06:00:00,CR-117,PL-05,3.59,78.35,12.06,426.42,298.0,16.92,0
2025-08-16 20:00:00,CR-149,PL-03,3.09,63.36,11.49,466.4,288.17,16.17,0
2025-08-03 20:00:00,CR-111,PL-03,4.19,74.45,10.95,425.9,264.5,18.54,0
2025-08-05 12:00:00,CR-103,PL-05,3.38,77.45,11.66,477.05,287.04,23.12,0
2025-08-11 08:00:00,CR-138,PL-04,4.95,77.69,12.37,417.98,284.6,11.43,0
2025-08-17 03:00:00,CR-143,PL-05,2.77,63.33,11.65,390.42,302.29,16.62,0
2025-08-23 04:00:00,CR-110,PL-01,3.26,77.63,13.26,475.5,281.22,14.16,0
2025-08-17 19:00:00,CR-104,PL-03,4.08,71.13,12.35,395.37,346.2,16.11,0
2025-08-11 11:00:00,CR-113,PL-05,4.05,67.05,12.12,447.18,326.3,16.59,0
2025-08-26 22:00:00,CR-133,PL-03,2.52,75.04,11.4,440.68,307.81,13.56,0
2025-08-07 09:00:00,CR-112,PL-04,3.61,67.89,13.23,484.14,335.8,23.12,0
2025-08-11 12:00:00,CR-144,PL-05,2.94,75.92,10.7,422.95,306.03,13.33,0
2025-08-13 19:00:00,CR-149,PL-01,2.83,65.63,12.76,498.52,335.21,21.94,0
2025-08-02 06:00:00,CR-103,PL-05,3.64,64.65,11.2,479.39,284.63,17.85,0
2025-08-05 15:00:00,CR-108,PL-05,2.04,63.11,12.14,392.73,267.5,14.61,0
2025-08-13 02:00:00,CR-144,PL-02,4.24,69.79,12.65,476.42,259.01,21.32,0
2025-08-01 12:00:00,CR-102,PL-01,3.66,76.38,9.69,471.89,296.38,24.19,0
2025-08-04 16:00:00,CR-133,PL-04,18.39,99.45,2.91,682.44,100.38,88.66,1
2025-08-07 13:00:00,CR-149,PL-04,3.6,76.53,12.97,445.45,312.37,15.48,0
2025-08-25 16:00:00,CR-103,PL-01,2.94,74.33,12.8,489.56,307.99,25.53,0
2025-08-08 04:00:00,CR-149,PL-02,4.05,71.68,11.3,439.54,277.28,13.09,0
2025-08-28 07:00:00,CR-135,PL-03,2.81,69.47,11.04,451.5,321.33,15.95,0
2025-08-07 23:00:00,CR-117,PL-04,5.68,62.59,11.89,495.63,315.98,21.73,0
2025-08-17 06:00:00,CR-112,PL-04,3.11,67.21,14.08,436.95,322.33,20.37,0
2025-08-06 14:00:00,CR-142,PL-03,4.71,72.23,11.78,411.68,273.58,20.17,0
2025-08-10 11:00:00,CR-123,PL-04,4.26,68.85,13.34,413.44,321.8,17.66,0
2025-08-13 11:00:00,CR-107,PL-04,3.5,74.2,12.15,494.0,291.06,16.48,0
2025-08-23 09:00:00,CR-131,PL-04,3.5,74.07,11.02,457.76,295.41,16.17,0
2025-08-26 13:00:00,CR-150,PL-02,5.1,67.49,12.87,441.3,304.02,24.42,0
2025-08-10 11:00:00,CR-112,PL-05,3.34,64.8,12.34,428.25,300.12,19.09,0
2025-08-13 07:00:00,CR-135,PL-03,3.05,64.87,12.86,435.09,326.9,13.11,0
2025-08-20 05:00:00,CR-145,PL-01,4.06,70.35,11.07,433.82,280.75,21.8,0
2025-08-16 03:00:00,CR-111,PL-04,5.56,73.46,12.84,434.96,327.33,18.63,0
2025-08-24 12:00:00,CR-117,PL-03,5.73,63.69,12.62,400.58,287.28,5.66,0
2025-08-22 17:00:00,CR-121,PL-01,4.69,70.24,12.26,452.14,263.41,18.67,0
2025-08-30 15:00:00,CR-124,PL-03,4.65,70.9,12.0,398.69,272.48,8.73,0
2025-08-25 10:00:00,CR-122,PL-01,3.24,72.56,12.05,498.25,320.95,11.92,0
2025-08-22 07:00:00,CR-127,PL-02,5.37,77.76,11.29,462.11,288.33,21.1,0
2025-08-30 07:00:00,CR-119,PL-03,3.52,77.62,13.27,484.67,286.97,23.65,0
2025-08-17 09:00:00,CR-109,PL-01,5.26,78.93,10.67,476.49,292.66,21.05,0
2025-08-14 22:00:00,CR-108,PL-01,4.37,65.64,11.34,396.51,288.84,15.55,0
2025-08-25 00:00:00,CR-108,PL-02,3.31,64.54,12.11,450.27,343.13,19.13,0
2025-08-25 23:00:00,CR-108,PL-03,2.97,66.15,13.35,476.79,274.21,20.93,0
2025-08-11 03:00:00,CR-134,PL-05,5.86,69.7,10.15,403.55,295.0,22.65,0
2025-08-11 13:00:00,CR-122,PL-03,4.81,60.35,12.43,455.15,320.34,15.5,0
2025-08-17 22:00:00,CR-141,PL-01,4.17,72.92,9.86,420.93,266.29,23.11,0
2025-08-29 05:00:00,CR-128,PL-05,4.06,69.1,12.13,447.91,278.22,11.26,0
2025-08-02 07:00:00,CR-128,PL-02,3.3,76.86,10.54,474.62,295.12,16.34,0
2025-08-18 07:00:00,CR-101,PL-04,3.85,77.91,13.1,481.86,291.86,17.92,0
2025-08-06 20:00:00,CR-128,PL-04,4.13,67.79,11.54,439.99,279.03,16.26,0
2025-08-04 09:00:00,CR-122,PL-04,4.18,70.53,12.05,433.01,296.65,24.6,0
2025-08-06 20:00:00,CR-143,PL-02,4.07,70.06,11.57,501.99,293.07,16.86,0
2025-08-14 17:00:00,CR-124,PL-01,5.01,71.91,13.48,452.31,260.82,14.61,0
2025-08-06 02:00:00,CR-107,PL-03,3.99,65.79,11.24,432.51,278.72,23.31,0
2025-08-22 14:00:00,CR-118,PL-03,5.54,67.29,11.43,464.0,324.55,19.11,0
2025-08-19 05:00:00,CR-148,PL-04,5.2,68.44,10.45,477.38,283.22,20.0,0
2025-08-18 14:00:00,CR-111,PL-02,4.35,62.95,10.34,407.72,292.87,21.58,0
2025-08-20 15:00:00,CR-133,PL-02,3.96,72.97,12.03,417.15,303.08,25.17,0
2025-08-20 02:00:00,CR-125,PL-01,4.07,69.1,12.12,473.02,307.4,24.72,0
2025-08-18 11:00:00,CR-141,PL-02,4.2,66.27,11.62,467.53,323.69,12.75,0
2025-08-28 02:00:00,CR-101,PL-02,4.19,67.61,11.45,439.51,285.26,11.72,0
2025-08-20 05:00:00,CR-145,PL-05,4.2,66.97,12.13,470.79,265.84,18.78,0
2025-08-12 21:00:00,CR-106,PL-05,2.01,77.87,12.4,464.56,275.14,20.86,0
2025-08-30 01:00:00,CR-126,PL-04,3.56,72.1,13.99,447.39,315.06,19.93,0
2025-08-17 17:00:00,CR-124,PL-03,4.37,81.23,9.19,474.13,293.4,29.17,0
2025-08-07 01:00:00,CR-131,PL-05,4.05,67.83,12.24,473.26,303.4,19.59,0
2025-08-10 05:00:00,CR-119,PL-01,3.38,69.23,13.12,444.99,295.16,19.61,0
2025-08-13 02:00:00,CR-134,PL-01,3.89,66.46,10.66,439.16,324.92,12.9,0
2025-08-17 17:00:00,CR-102,PL-05,2.5,75.5,12.1,423.88,290.42,20.67,0
2025-08-22 10:00:00,CR-148,PL-03,4.04,64.66,12.31,455.75,319.88,24.98,0
2025-08-14 10:00:00,CR-143,PL-03,3.73,70.72,12.31,466.44,274.98,14.33,0
2025-08-04 05:00:00,CR-118,PL-04,3.84,75.28,12.25,459.08,316.03,23.94,0
2025-08-19 18:00:00,CR-117,PL-01,3.53,62.8,13.26,470.24,301.67,14.35,0
2025-08-30 20:00:00,CR-118,PL-02,4.23,69.03,10.66,461.86,318.33,17.31,0
2025-08-20 05:00:00,CR-134,PL-04,5.47,79.14,12.54,497.12,321.35,18.12,0
2025-08-11 05:00:00,CR-133,PL-01,4.4,77.86,12.71,479.17,312.3,21.85,0
2025-08-19 12:00:00,CR-128,PL-03,15.69,114.63,5.04,763.5,132.03,93.39,1
2025-08-19 16:00:00,CR-125,PL-03,4.9,72.15,9.76,436.52,317.18,25.26,0
2025-08-03 02:00:00,CR-131,PL-05,4.47,77.43,13.11,455.95,308.98,5.96,0
2025-08-04 19:00:00,CR-128,PL-04,1.02,78.56,13.84,467.54,303.08,10.14,0
2025-08-23 07:00:00,CR-122,PL-04,6.99,68.52,11.05,450.28,286.5,17.31,0
2025-08-04 03:00:00,CR-103,PL-04,5.07,69.86,11.13,420.54,309.04,18.58,0
2025-08-19 16:00:00,CR-118,PL-02,4.05,74.59,11.2,503.48,291.7,22.77,0
2025-08-20 16:00:00,CR-112,PL-04,1.81,70.52,13.49,433.46,266.58,20.41,0
2025-08-06 09:00:00,CR-117,PL-05,2.72,61.59,12.58,473.61,270.36,20.16,0
2025-08-18 12:00:00,CR-134,PL-04,4.47,66.44,13.1,457.22,311.38,20.99,0
2025-08-21 23:00:00,CR-124,PL-01,3.5,75.72,11.38,457.79,290.88,20.49,0
2025-08-16 11:00:00,CR-118,PL-03,4.23,63.88,11.64,470.69,289.57,24.82,0
2025-08-07 06:00:00,CR-138,PL-04,3.37,63.09,12.31,499.21,317.96,21.57,0
2025-08-08 04:00:00,CR-148,PL-01,2.8,73.36,12.26,509.29,311.66,14.16,0
2025-08-20 12:00:00,CR-141,PL-01,2.03,83.12,13.31,475.34,253.54,19.27,0
2025-08-12 18:00:00,CR-148,PL-03,3.29,65.11,10.15,475.25,287.28,9.66,0
2025-08-02 09:00:00,CR-144,PL-01,4.54,71.59,11.51,483.54,290.11,20.91,0
2025-08-09 04:00:00,CR-143,PL-04,4.55,62.97,12.92,362.04,298.43,15.07,0
2025-08-28 06:00:00,CR-119,PL-01,3.9,72.52,14.14,478.6,301.46,17.32,0
2025-08-17 15:00:00,CR-131,PL-04,5.49,67.87,12.17,403.79,290.8,23.4,0
2025-08-11 15:00:00,CR-114,PL-03,5.47,66.11,10.75,454.41,318.9,21.38,0
2025-08-30 15:00:00,CR-141,PL-01,5.35,72.5,12.9,381.8,313.49,11.76,0
2025-08-25 15:00:00,CR-111,PL-02,4.62,61.46,11.99,443.06,324.66,26.67,0
2025-08-30 18:00:00,CR-106,PL-01,4.7,71.69,12.31,419.25,300.29,16.42,0
2025-08-11 04:00:00,CR-109,PL-02,5.37,69.71,12.18,444.26,282.91,23.45,0
2025-08-10 01:00:00,CR-116,PL-04,3.2,65.36,12.17,406.31,309.73,14.9,0
2025-08-04 06:00:00,CR-126,PL-04,12.94,106.69,3.86,621.6,114.09,91.21,1
2025-08-19 04:00:00,CR-105,PL-02,5.35,76.65,15.77,448.26,316.52,13.7,0
2025-08-28 03:00:00,CR-133,PL-04,4.52,62.2,12.11,448.38,299.5,19.83,0
2025-08-16 01:00:00,CR-141,PL-01,5.46,75.77,11.54,439.77,325.78,30.54,0
2025-08-10 14:00:00,CR-116,PL-04,2.92,76.08,10.35,392.9,309.36,13.69,0
2025-08-12 17:00:00,CR-137,PL-02,3.17,64.69,11.53,488.63,323.29,12.32,0
2025-08-21 07:00:00,CR-148,PL-03,5.18,64.85,11.43,446.94,324.85,19.54,0
2025-08-16 09:00:00,CR-111,PL-03,3.45,58.57,12.64,445.34,307.54,19.52,0
2025-08-18 22:00:00,CR-141,PL-04,2.71,67.32,12.37,396.61,303.53,17.25,0
2025-08-18 06:00:00,CR-140,PL-05,5.61,69.82,12.83,487.57,313.0,21.17,0
2025-08-27 07:00:00,CR-121,PL-02,7.09,72.1,11.83,435.64,292.75,22.1,0
2025-08-28 06:00:00,CR-105,PL-03,4.33,63.71,11.12,492.16,319.73,22.22,0
2025-08-15 09:00:00,CR-111,PL-05,3.79,73.36,11.92,449.14,291.59,19.44,0
2025-08-18 02:00:00,CR-124,PL-01,4.57,70.16,13.3,464.06,305.51,18.23,0
2025-08-25 16:00:00,CR-143,PL-05,4.43,70.94,12.0,475.92,322.27,14.24,0
2025-08-04 19:00:00,CR-126,PL-01,3.95,72.13,12.23,464.54,284.76,19.67,0
2025-08-25 00:00:00,CR-139,PL-01,5.36,70.21,10.93,432.98,298.79,12.99,0
2025-08-05 01:00:00,CR-135,PL-05,3.8,78.36,14.09,448.99,290.08,12.59,0
2025-08-15 19:00:00,CR-112,PL-02,2.68,67.53,12.06,456.71,245.43,26.27,0
2025-08-26 03:00:00,CR-111,PL-04,5.92,71.01,11.8,482.89,270.89,20.74,0
2025-08-20 14:00:00,CR-118,PL-01,3.46,68.51,12.61,463.04,288.39,6.64,0
2025-08-30 15:00:00,CR-105,PL-03,14.04,97.93,5.9,639.76,105.08,56.86,1
2025-08-16 05:00:00,CR-135,PL-04,3.49,69.24,11.62,447.47,274.08,18.46,0
2025-08-05 15:00:00,CR-123,PL-03,3.41,59.79,11.63,455.54,280.63,20.93,0
2025-08-24 09:00:00,CR-119,PL-05,5.65,70.69,11.29,452.69,317.4,16.41,0
2025-08-25 12:00:00,CR-112,PL-02,5.28,61.03,11.36,429.19,309.02,17.36,0
2025-08-15 23:00:00,CR-104,PL-05,4.95,71.32,12.24,422.67,310.09,21.97,0
2025-08-09 16:00:00,CR-140,PL-04,2.6,70.62,12.56,451.49,294.92,15.5,0
2025-08-23 11:00:00,CR-148,PL-03,3.3,67.53,11.43,400.45,307.84,15.68,0
2025-08-03 05:00:00,CR-139,PL-05,3.43,63.13,10.62,467.43,332.61,16.84,0
2025-08-25 22:00:00,CR-113,PL-02,3.63,73.42,12.57,502.73,311.72,19.54,0
2025-08-06 15:00:00,CR-101,PL-05,4.13,74.11,13.73,468.75,321.88,17.55,0
2025-08-20 10:00:00,CR-105,PL-01,3.12,60.94,10.87,432.72,295.57,15.67,0
2025-08-09 13:00:00,CR-109,PL-05,4.3,69.09,12.36,410.18,295.79,12.55,0
2025-08-29 01:00:00,CR-106,PL-03,1.83,68.31,11.18,400.73,314.28,18.3,0
2025-08-29 20:00:00,CR-119,PL-04,4.56,61.29,12.5,451.22,249.15,15.52,0
2025-08-09 13:00:00,CR-115,PL-05,2.73,71.43,12.69,432.03,288.01,16.41,0
2025-08-01 08:00:00,CR-146,PL-01,5.18,73.42,12.78,451.18,315.98,20.89,0
2025-08-08 17:00:00,CR-138,PL-05,4.32,58.95,11.55,435.11,290.6,23.31,0
2025-08-26 09:00:00,CR-112,PL-05,5.68,67.76,12.5,498.2,291.31,18.05,0
2025-08-11 09:00:00,CR-131,PL-03,3.83,69.88,12.09,449.13,350.7,17.81,0
2025-08-30 16:00:00,CR-138,PL-04,3.25,69.98,12.43,426.61,304.49,14.51,0
2025-08-04 08:00:00,CR-148,PL-05,4.17,65.63,11.34,446.55,287.96,23.36,0
2025-08-12 16:00:00,CR-109,PL-04,5.22,79.6,13.83,449.36,298.52,20.64,0
2025-08-26 21:00:00,CR-140,PL-05,6.16,78.86,12.14,473.04,321.91,26.35,0
2025-08-05 22:00:00,CR-142,PL-01,3.1,69.76,11.48,414.67,303.05,18.23,0
2025-08-29 02:00:00,CR-144,PL-04,4.5,67.41,12.18,480.36,286.99,10.18,0
2025-08-24 03:00:00,CR-145,PL-01,3.41,78.56,11.62,456.82,297.3,18.73,0
2025-08-08 16:00:00,CR-118,PL-04,3.56,68.63,10.63,460.44,313.52,24.24,0
2025-08-28 15:00:00,CR-136,PL-05,4.03,66.86,12.1,449.73,282.21,17.96,0
2025-08-21 05:00:00,CR-113,PL-01,3.54,72.03,13.07,469.22,242.96,16.81,0
2025-08-26 19:00:00,CR-107,PL-03,5.41,63.42,11.34,502.9,284.52,19.77,0
2025-08-07 19:00:00,CR-102,PL-05,4.88,70.98,11.35,421.11,271.63,19.59,0
2025-08-20 11:00:00,CR-116,PL-02,4.87,65.3,10.39,420.65,297.47,24.79,0
2025-08-05 16:00:00,CR-137,PL-04,4.51,65.4,12.37,422.99,334.14,14.04,0
2025-08-28 09:00:00,CR-120,PL-04,3.77,73.19,11.93,442.04,311.98,16.51,0
2025-08-11 17:00:00,CR-115,PL-05,3.07,66.09,13.32,461.2,304.74,17.95,0
2025-08-09 15:00:00,CR-144,PL-02,3.69,77.35,11.87,453.19,312.39,13.68,0
2025-08-21 08:00:00,CR-135,PL-05,3.38,75.25,11.05,477.17,250.29,20.78,0
2025-08-12 16:00:00,CR-138,PL-02,3.77,70.02,12.18,453.11,293.57,15.66,0
2025-08-28 03:00:00,CR-135,PL-01,2.5,69.46,11.33,416.91,289.09,19.91,0
2025-08-25 05:00:00,CR-102,PL-03,13.2,115.55,5.38,614.19,111.58,54.55,1
2025-08-05 23:00:00,CR-108,PL-05,4.06,72.7,12.17,490.77,307.82,11.51,0
2025-08-10 19:00:00,CR-116,PL-05,2.62,77.46,12.17,466.13,294.13,21.03,0
2025-08-20 11:00:00,CR-104,PL-01,3.91,71.94,12.26,445.96,306.54,16.02,0
2025-08-01 10:00:00,CR-110,PL-04,4.59,64.73,11.43,472.54,332.29,15.12,0
2025-08-03 09:00:00,CR-107,PL-01,4.85,69.79,11.68,463.95,286.98,17.44,0
2025-08-18 11:00:00,CR-140,PL-05,4.27,61.81,10.47,472.47,303.48,14.57,0
2025-08-30 13:00:00,CR-120,PL-01,4.44,68.71,10.83,451.6,323.39,25.62,0
2025-08-04 01:00:00,CR-108,PL-02,3.53,60.67,12.63,426.6,292.28,18.27,0
2025-08-29 10:00:00,CR-110,PL-04,3.86,67.47,13.05,410.11,317.31,26.33,0
2025-08-01 11:00:00,CR-114,PL-03,3.22,79.98,11.13,418.37,308.58,16.78,0
2025-08-27 22:00:00,CR-107,PL-02,3.7,77.63,13.91,413.92,326.25,22.5,0
2025-08-03 06:00:00,CR-133,PL-01,4.48,72.11,11.54,450.27,303.55,11.32,0
2025-08-30 06:00:00,CR-127,PL-05,5.35,65.52,13.29,442.07,320.39,14.17,0
2025-08-15 12:00:00,CR-149,PL-01,2.74,64.22,11.71,474.98,304.31,15.21,0
2025-08-09 06:00:00,CR-132,PL-02,4.24,74.52,11.58,481.03,270.4,16.06,0
2025-08-06 20:00:00,CR-149,PL-05,4.39,64.97,11.85,449.3,314.61,22.86,0
2025-08-04 14:00:00,CR-135,PL-02,4.1,78.02,14.46,427.6,287.3,13.29,0
2025-08-28 18:00:00,CR-135,PL-01,2.79,74.28,12.66,406.85,311.47,8.91,0
2025-08-15 06:00:00,CR-115,PL-05,4.81,73.3,11.18,392.5,308.88,18.74,0
2025-08-02 14:00:00,CR-120,PL-04,3.97,66.53,12.32,465.38,321.68,22.33,0
2025-08-02 19:00:00,CR-102,PL-01,4.43,65.95,10.11,458.47,281.64,12.69,0
2025-08-17 02:00:00,CR-115,PL-02,2.99,76.11,12.19,411.47,324.57,16.69,0
2025-08-21 20:00:00,CR-136,PL-02,3.78,66.56,13.29,410.94,315.37,12.74,0
2025-08-04 18:00:00,CR-130,PL-02,3.34,76.06,11.91,470.78,300.45,15.11,0
2025-08-12 13:00:00,CR-143,PL-04,6.09,80.64,10.88,455.51,315.08,11.68,0
2025-08-22 14:00:00,CR-130,PL-01,5.88,63.34,13.22,431.0,323.8,19.12,0
2025-08-09 13:00:00,CR-118,PL-03,4.27,69.27,11.91,483.21,311.04,21.05,0
2025-08-09 07:00:00,CR-128,PL-01,5.92,76.37,11.83,476.76,273.46,26.57,0
2025-08-10 01:00:00,CR-108,PL-01,5.66,68.86,10.99,401.69,300.14,11.57,0
2025-08-01 21:00:00,CR-124,PL-02,3.44,75.32,10.61,474.37,284.01,17.54,0
2025-08-17 12:00:00,CR-139,PL-02,3.03,83.25,13.71,476.11,274.4,10.37,0
2025-08-11 06:00:00,CR-117,PL-01,4.18,65.67,12.54,457.27,292.08,23.55,0
2025-08-27 18:00:00,CR-145,PL-02,6.63,68.57,13.51,484.58,331.34,21.55,0
2025-08-21 21:00:00,CR-137,PL-04,3.4,62.87,11.14,401.63,294.06,25.39,0
2025-08-10 23:00:00,CR-140,PL-03,4.34,71.8,13.61,466.56,276.75,22.85,0
2025-08-02 06:00:00,CR-149,PL-03,4.03,73.11,12.38,458.23,300.08,17.05,0
2025-08-30 11:00:00,CR-145,PL-01,4.02,68.38,11.37,471.68,279.89,17.78,0
2025-08-07 21:00:00,CR-122,PL-01,2.95,68.6,10.57,458.64,280.27,18.55,0
2025-08-15 15:00:00,CR-137,PL-05,4.25,71.18,13.27,434.51,281.32,22.84,0
2025-08-27 02:00:00,CR-124,PL-03,4.37,69.16,12.38,449.24,281.17,16.01,0
2025-08-23 02:00:00,CR-132,PL-02,6.27,68.24,11.58,420.88,305.11,20.21,0
2025-08-14 02:00:00,CR-144,PL-02,4.54,73.14,12.02,441.07,302.23,26.37,0
2025-08-21 21:00:00,CR-135,PL-01,3.77,62.64,11.48,448.11,299.49,23.25,0
2025-08-29 03:00:00,CR-126,PL-04,3.84,68.4,11.19,479.6,308.43,21.84,0
2025-08-06 16:00:00,CR-115,PL-01,3.77,70.46,10.7,430.24,292.92,15.62,0
2025-08-16 05:00:00,CR-150,PL-05,2.98,68.49,10.71,427.17,300.0,27.28,0
2025-08-20 11:00:00,CR-130,PL-02,2.64,74.65,12.15,458.5,266.04,23.68,0
2025-08-03 03:00:00,CR-103,PL-02,2.91,70.79,9.27,434.82,291.29,20.59,0
2025-08-05 10:00:00,CR-148,PL-02,4.96,73.01,12.23,447.04,325.65,18.57,0
2025-08-29 12:00:00,CR-103,PL-03,5.17,67.4,12.72,436.82,304.32,24.1,0
2025-08-17 08:00:00,CR-118,PL-05,4.25,69.6,13.02,434.26,260.24,23.46,0
2025-08-29 00:00:00,CR-128,PL-02,5.14,64.45,11.08,485.64,316.54,23.24,0
2025-08-01 01:00:00,CR-139,PL-01,1.82,64.73,11.37,450.72,314.07,11.25,0
2025-08-28 19:00:00,CR-138,PL-03,3.31,73.99,12.55,462.27,297.69,13.94,0
2025-08-23 11:00:00,CR-147,PL-01,5.19,77.63,11.38,444.96,314.85,14.5,0
2025-08-29 10:00:00,CR-135,PL-03,4.05,69.25,10.84,503.11,299.69,14.8,0
2025-08-03 00:00:00,CR-105,PL-02,3.96,74.59,12.45,447.6,282.59,20.39,0
2025-08-14 02:00:00,CR-146,PL-01,16.55,119.1,5.73,749.9,145.97,81.08,1
2025-08-21 05:00:00,CR-110,PL-03,4.45,72.5,11.95,457.46,308.9,21.46,0
2025-08-22 04:00:00,CR-113,PL-01,5.85,61.48,10.74,445.6,294.45,14.58,0
2025-08-14 21:00:00,CR-116,PL-01,4.58,65.6,9.99,484.41,301.16,9.09,0
2025-08-19 08:00:00,CR-143,PL-02,3.13,69.93,12.82,429.17,306.41,22.91,0
2025-08-17 02:00:00,CR-117,PL-02,4.56,66.17,11.13,446.52,319.88,22.55,0
2025-08-08 16:00:00,CR-124,PL-03,4.0,71.04,11.43,501.63,301.01,22.7,0
2025-08-27 23:00:00,CR-147,PL-02,2.87,74.66,10.89,460.08,272.92,26.75,0
2025-08-24 04:00:00,CR-113,PL-02,5.32,69.8,12.29,449.08,319.02,17.18,0
2025-08-16 11:00:00,CR-115,PL-01,4.75,64.76,11.73,397.78,297.44,19.47,0
2025-08-02 20:00:00,CR-118,PL-02,4.19,79.53,11.7,474.73,310.88,23.73,0
2025-08-23 01:00:00,CR-138,PL-05,4.75,76.72,12.98,474.92,339.9,18.26,0
2025-08-11 22:00:00,CR-116,PL-03,2.89,78.97,15.01,447.12,324.77,18.38,0
2025-08-11 19:00:00,CR-107,PL-01,3.83,70.21,11.51,422.66,298.06,14.91,0
2025-08-21 17:00:00,CR-133,PL-02,2.48,69.66,12.78,464.82,264.39,18.14,0
2025-08-14 02:00:00,CR-135,PL-04,3.8,63.68,11.05,463.27,302.48,23.11,0
2025-08-26 11:00:00,CR-125,PL-01,3.86,73.13,12.81,491.77,313.83,10.82,0
2025-08-28 14:00:00,CR-126,PL-01,4.6,74.11,11.26,410.9,297.1,10.61,0
2025-08-03 15:00:00,CR-145,PL-01,4.74,65.31,11.26,408.88,305.25,12.65,0
2025-08-07 00:00:00,CR-108,PL-03,3.54,69.02,11.97,433.17,327.35,13.1,0
2025-08-10 15:00:00,CR-124,PL-02,12.25,92.39,3.9,761.91,114.17,64.35,1
2025-08-23 12:00:00,CR-142,PL-03,3.92,79.56,11.68,431.34,311.87,17.84,0
2025-08-13 01:00:00,CR-134,PL-05,3.28,66.19,12.03,433.64,335.71,22.5,0
2025-08-02 09:00:00,CR-116,PL-05,5.41,72.95,11.5,483.81,288.34,14.24,0
2025-08-04 17:00:00,CR-146,PL-02,3.67,70.33,12.31,475.45,310.34,15.27,0
2025-08-02 18:00:00,CR-135,PL-01,4.12,76.21,11.69,496.03,319.25,22.46,0
2025-08-26 18:00:00,CR-130,PL-02,5.14,70.79,11.76,460.54,346.19,11.63,0
2025-08-16 15:00:00,CR-119,PL-02,5.79,84.81,10.7,439.83,290.99,16.58,0
2025-08-18 04:00:00,CR-123,PL-05,2.95,67.3,13.82,423.7,300.39,15.24,0
2025-08-25 21:00:00,CR-149,PL-03,3.94,67.45,12.98,484.85,322.66,26.12,0
2025-08-16 01:00:00,CR-112,PL-02,3.3,69.36,12.45,450.83,297.78,26.76,0
2025-08-14 02:00:00,CR-126,PL-04,1.71,68.15,11.57,456.11,315.38,15.38,0
2025-08-18 12:00:00,CR-127,PL-05,6.36,75.91,11.7,442.53,297.38,15.33,0
2025-08-08 20:00:00,CR-145,PL-05,2.39,72.49,11.38,425.06,321.13,13.83,0
2025-08-04 10:00:00,CR-107,PL-05,3.97,67.73,11.07,466.94,304.67,11.71,0
2025-08-02 20:00:00,CR-111,PL-02,4.91,75.64,11.5,438.95,310.8,22.62,0
2025-08-17 21:00:00,CR-111,PL-01,4.47,67.55,11.55,384.64,346.21,17.78,0
2025-08-16 20:00:00,CR-119,PL-03,4.28,72.3,10.59,463.73,337.03,26.23,0
2025-08-12 13:00:00,CR-114,PL-02,4.15,73.66,11.59,407.82,290.05,12.21,0
2025-08-16 03:00:00,CR-131,PL-01,2.42,62.29,11.74,449.46,320.57,22.08,0
2025-08-10 21:00:00,CR-118,PL-04,4.53,73.54,12.0,468.96,292.98,29.33,0
2025-08-23 03:00:00,CR-131,PL-02,4.0,65.22,12.3,432.28,315.86,17.58,0
2025-08-07 20:00:00,CR-120,PL-03,5.29,69.26,11.86,446.85,319.79,10.89,0
2025-08-30 02:00:00,CR-114,PL-05,4.94,69.33,11.29,409.72,300.03,13.5,0
2025-08-24 05:00:00,CR-143,PL-03,3.62,75.64,12.83,467.0,338.2,12.6,0
2025-08-16 08:00:00,CR-112,PL-03,3.77,74.13,12.45,454.52,270.67,14.1,0
2025-08-22 17:00:00,CR-144,PL-05,3.62,69.99,12.42,451.92,314.91,25.18,0
2025-08-08 04:00:00,CR-101,PL-02,2.52,78.58,11.7,389.49,260.68,18.28,0
2025-08-07 19:00:00,CR-140,PL-03,5.1,66.22,9.6,409.67,255.38,16.5,0
2025-08-06 10:00:00,CR-106,PL-05,2.46,66.35,12.0,464.05,271.09,12.03,0
2025-08-26 12:00:00,CR-116,PL-02,4.45,67.21,11.21,443.83,294.49,28.12,0
2025-08-15 21:00:00,CR-142,PL-01,4.69,74.95,11.36,494.67,292.63,16.69,0
2025-08-10 13:00:00,CR-114,PL-03,2.62,74.3,12.54,439.46,310.36,14.62,0
2025-08-20 08:00:00,CR-104,PL-01,2.8,79.55,11.66,471.5,323.42,15.26,0
2025-08-16 01:00:00,CR-145,PL-05,3.83,64.32,12.29,440.25,285.13,11.26,0
2025-08-11 22:00:00,CR-106,PL-01,3.46,71.71,11.95,436.58,294.95,21.74,0
2025-08-03 22:00:00,CR-150,PL-02,2.08,69.49,9.75,392.32,273.24,13.46,0
2025-08-29 23:00:00,CR-112,PL-01,4.22,75.62,11.15,492.94,287.45,15.22,0
2025-08-14 15:00:00,CR-133,PL-04,3.89,71.43,13.38,476.79,306.22,16.57,0
2025-08-24 10:00:00,CR-136,PL-05,3.09,77.17,12.93,487.62,299.83,9.87,0
2025-08-21 00:00:00,CR-149,PL-02,5.08,69.9,11.92,401.75,278.0,17.35,0
2025-08-02 11:00:00,CR-103,PL-02,4.08,66.94,12.75,433.8,289.83,14.37,0
2025-08-26 11:00:00,CR-140,PL-05,3.47,65.92,11.46,448.3,295.99,10.51,0
2025-08-09 02:00:00,CR-126,PL-02,4.12,80.93,11.7,444.94,300.33,17.21,0
2025-08-12 13:00:00,CR-107,PL-02,4.03,74.75,10.73,441.27,268.44,19.11,0
2025-08-01 17:00:00,CR-142,PL-03,4.19,70.65,11.07,463.72,240.87,11.15,0
2025-08-01 07:00:00,CR-106,PL-04,4.33,84.25,11.09,451.53,256.56,21.8,0
2025-08-22 09:00:00,CR-117,PL-02,4.11,66.59,11.14,428.4,304.9,14.78,0
2025-08-06 21:00:00,CR-131,PL-01,4.97,67.83,11.47,439.74,320.01,20.71,0
2025-08-05 01:00:00,CR-106,PL-03,3.12,66.79,13.21,507.31,278.89,17.82,0
2025-08-06 12:00:00,CR-129,PL-01,4.21,67.91,11.36,484.41,321.74,15.26,0
2025-08-24 13:00:00,CR-127,PL-02,2.7,65.35,11.35,435.91,311.82,22.06,0
2025-08-18 03:00:00,CR-146,PL-02,3.29,77.71,12.32,477.76,274.04,9.89,0
2025-08-05 08:00:00,CR-112,PL-03,6.06,72.13,11.0,482.17,272.88,19.08,0
2025-08-19 02:00:00,CR-145,PL-04,3.77,65.27,12.72,455.03,258.86,18.75,0
2025-08-25 05:00:00,CR-118,PL-03,4.03,67.44,11.37,465.66,266.08,20.29,0
2025-08-29 19:00:00,CR-147,PL-01,4.43,64.21,12.05,459.5,331.74,15.72,0
2025-08-25 17:00:00,CR-123,PL-01,3.58,71.24,11.09,403.45,283.18,17.1,0
2025-08-14 21:00:00,CR-118,PL-03,4.13,64.1,12.92,418.13,318.72,18.43,0
2025-08-08 02:00:00,CR-132,PL-05,4.3,74.46,10.16,491.98,272.17,27.95,0
2025-08-07 07:00:00,CR-150,PL-02,2.81,70.6,13.12,441.75,282.33,20.9,0
2025-08-21 17:00:00,CR-148,PL-04,2.95,77.71,11.26,478.02,295.78,23.26,0
2025-08-28 10:00:00,CR-133,PL-04,3.36,61.95,11.9,430.71,327.6,15.37,0
2025-08-22 13:00:00,CR-150,PL-03,4.53,79.12,12.57,524.46,283.09,22.63,0
2025-08-20 04:00:00,CR-147,PL-05,5.8,68.26,11.93,430.01,311.39,10.01,0
2025-08-20 10:00:00,CR-125,PL-03,2.27,65.93,14.27,464.03,289.92,14.24,0
2025-08-01 15:00:00,CR-124,PL-02,5.13,67.26,13.01,462.13,280.15,13.06,0
2025-08-19 13:00:00,CR-120,PL-02,4.6,64.26,10.02,428.34,297.85,22.92,0
2025-08-14 10:00:00,CR-133,PL-04,4.25,72.3,11.54,465.42,297.61,16.02,0
2025-08-23 20:00:00,CR-104,PL-05,4.33,70.15,12.16,403.06,305.4,19.72,0
2025-08-24 14:00:00,CR-105,PL-05,2.73,64.95,12.66,460.07,312.91,13.63,0
2025-08-02 01:00:00,CR-106,PL-05,5.56,70.35,14.36,492.69,291.89,27.61,0
2025-08-14 18:00:00,CR-116,PL-03,3.99,67.91,14.66,433.07,270.07,20.01,0
2025-08-04 15:00:00,CR-113,PL-05,3.4,68.01,12.87,504.5,368.94,9.86,0
2025-08-16 02:00:00,CR-145,PL-04,4.81,68.03,11.59,392.36,296.6,25.24,0
2025-08-20 21:00:00,CR-141,PL-03,3.48,70.24,11.55,438.03,336.99,18.39,0
2025-08-22 20:00:00,CR-120,PL-01,3.36,70.14,12.86,447.73,335.97,17.68,0
2025-08-07 08:00:00,CR-116,PL-03,2.44,78.04,10.63,466.33,302.72,21.95,0
2025-08-26 10:00:00,CR-130,PL-05,4.56,73.23,12.81,491.63,294.5,22.3,0
2025-08-26 08:00:00,CR-147,PL-01,2.42,69.6,11.17,479.02,284.16,26.8,0
2025-08-15 15:00:00,CR-115,PL-03,6.08,71.01,11.88,431.04,319.67,22.07,0
2025-08-23 08:00:00,CR-149,PL-02,6.69,73.64,11.2,452.24,297.16,15.5,0
2025-08-01 08:00:00,CR-142,PL-02,3.6,75.65,11.97,474.42,305.36,9.67,0
2025-08-26 17:00:00,CR-146,PL-04,3.38,73.19,13.1,453.69,276.07,22.4,0
2025-08-01 05:00:00,CR-135,PL-02,5.43,63.51,13.46,497.86,304.55,23.92,0
2025-08-04 14:00:00,CR-115,PL-04,5.72,69.07,10.4,441.0,310.66,16.09,0
2025-08-28 22:00:00,CR-146,PL-04,3.14,74.12,10.78,378.58,317.46,18.53,0
2025-08-14 16:00:00,CR-127,PL-04,6.02,73.85,11.71,451.31,333.46,21.59,0
2025-08-21 15:00:00,CR-127,PL-05,5.03,71.31,12.93,490.81,281.74,11.09,0
2025-08-13 00:00:00,CR-147,PL-05,4.36,74.76,11.36,483.87,257.6,22.37,0
2025-08-12 08:00:00,CR-128,PL-02,3.53,71.55,12.86,404.76,303.92,11.6,0
2025-08-27 05:00:00,CR-113,PL-04,4.74,66.21,10.18,465.42,330.62,23.8,0
2025-08-02 04:00:00,CR-133,PL-05,4.7,70.81,12.98,451.71,290.05,18.27,0
2025-08-11 14:00:00,CR-148,PL-01,4.1,72.67,11.61,431.73,301.28,20.58,0
2025-08-27 02:00:00,CR-126,PL-05,4.19,70.94,12.28,466.26,286.71,13.03,0
2025-08-20 22:00:00,CR-106,PL-05,4.99,65.71,11.98,437.4,290.67,30.13,0
2025-08-13 04:00:00,CR-127,PL-01,4.87,59.94,11.16,457.84,293.59,20.62,0
2025-08-18 01:00:00,CR-109,PL-04,4.74,74.55,11.59,412.99,301.34,25.26,0
2025-08-22 23:00:00,CR-126,PL-02,3.09,65.36,11.42,475.08,305.1,23.69,0
2025-08-03 09:00:00,CR-138,PL-03,5.08,59.72,13.16,442.15,263.19,20.16,0
2025-08-10 16:00:00,CR-133,PL-05,4.68,79.64,12.89,474.91,334.64,23.39,0
2025-08-10 18:00:00,CR-125,PL-05,4.14,73.16,11.64,455.15,276.54,19.58,0
2025-08-12 13:00:00,CR-138,PL-05,4.48,70.88,12.07,433.48,267.48,25.89,0
2025-08-13 22:00:00,CR-137,PL-01,5.45,77.68,11.3,416.84,306.99,14.45,0
2025-08-25 15:00:00,CR-123,PL-05,3.8,66.25,13.0,423.1,328.32,21.7,0
2025-08-04 01:00:00,CR-125,PL-04,3.48,63.57,15.2,421.63,301.64,14.67,0
2025-08-12 14:00:00,CR-130,PL-01,4.39,77.25,11.41,523.12,316.0,15.26,0
2025-08-04 12:00:00,CR-143,PL-03,3.75,67.4,11.03,465.66,292.7,7.56,0
2025-08-18 07:00:00,CR-141,PL-03,4.8,76.7,11.51,416.31,274.99,30.66,0
2025-08-13 17:00:00,CR-107,PL-04,3.74,61.9,10.83,476.64,278.28,17.55,0
2025-08-30 03:00:00,CR-109,PL-04,4.43,63.07,13.33,453.49,281.48,18.67,0
2025-08-20 05:00:00,CR-115,PL-05,3.33,56.69,11.05,441.21,307.63,26.25,0
2025-08-01 17:00:00,CR-106,PL-04,4.5,63.34,10.42,457.06,315.6,17.3,0
2025-08-26 22:00:00,CR-135,PL-01,5.63,68.88,12.5,463.36,276.61,12.69,0
2025-08-18 13:00:00,CR-118,PL-05,5.27,69.64,12.28,473.03,306.36,21.14,0
2025-08-12 00:00:00,CR-145,PL-04,3.39,67.47,10.44,397.2,307.15,32.44,0
2025-08-08 18:00:00,CR-124,PL-03,4.04,65.39,11.32,440.84,289.57,9.95,0
2025-08-06 04:00:00,CR-146,PL-01,2.75,69.4,12.36,459.97,318.81,10.47,0
2025-08-09 06:00:00,CR-148,PL-04,3.34,75.07,9.67,474.73,264.44,14.78,0
2025-08-03 11:00:00,CR-123,PL-03,4.46,75.3,12.75,471.95,301.44,12.95,0
2025-08-11 13:00:00,CR-105,PL-05,2.62,62.64,13.97,453.28,317.44,20.88,0
2025-08-05 12:00:00,CR-130,PL-02,5.05,70.16,11.95,494.02,286.88,19.39,0
2025-08-04 17:00:00,CR-121,PL-03,3.41,76.66,11.13,491.56,285.28,15.14,0
2025-08-11 08:00:00,CR-145,PL-04,3.42,67.11,11.78,465.91,324.61,13.82,0
2025-08-29 18:00:00,CR-132,PL-03,4.72,67.45,12.62,456.77,310.71,26.01,0
2025-08-03 10:00:00,CR-104,PL-04,4.83,71.22,12.17,459.81,333.25,13.69,0
2025-08-18 10:00:00,CR-127,PL-03,4.8,71.76,9.6,449.28,289.54,8.89,0
2025-08-05 20:00:00,CR-150,PL-03,4.58,66.64,11.93,417.96,311.85,14.63,0
2025-08-07 17:00:00,CR-134,PL-01,3.24,72.09,13.33,409.7,309.72,12.67,0
2025-08-19 18:00:00,CR-148,PL-03,2.8,67.5,11.03,438.04,298.56,22.66,0
2025-08-05 19:00:00,CR-126,PL-03,2.35,69.03,9.49,456.57,323.91,18.18,0
2025-08-07 07:00:00,CR-116,PL-03,5.51,71.26,12.54,410.4,318.31,16.43,0
2025-08-05 20:00:00,CR-101,PL-01,3.28,54.74,13.57,430.59,306.36,11.64,0
2025-08-23 05:00:00,CR-107,PL-05,4.75,64.8,12.64,423.22,315.7,23.69,0
2025-08-13 02:00:00,CR-133,PL-01,4.51,72.55,11.65,449.17,270.14,16.25,0
2025-08-21 08:00:00,CR-112,PL-04,3.89,75.07,10.15,429.31,292.92,20.84,0
2025-08-26 12:00:00,CR-143,PL-03,4.42,79.85,11.9,438.04,320.23,18.81,0
2025-08-17 05:00:00,CR-124,PL-04,17.88,92.25,3.1,610.9,107.67,57.17,1
2025-08-30 22:00:00,CR-140,PL-01,3.32,59.57,11.28,423.82,318.45,17.64,0
2025-08-30 01:00:00,CR-138,PL-03,4.31,71.3,12.91,479.21,307.29,18.44,0
2025-08-27 21:00:00,CR-121,PL-01,3.51,69.23,11.5,451.97,324.04,17.63,0
2025-08-22 13:00:00,CR-131,PL-03,4.22,66.12,13.14,478.33,319.32,4.44,0
2025-08-20 08:00:00,CR-128,PL-01,4.29,77.27,11.29,405.3,316.55,17.47,0
2025-08-23 16:00:00,CR-124,PL-01,3.91,77.0,13.99,440.68,286.76,16.83,0
2025-08-05 21:00:00,CR-141,PL-05,2.98,72.85,13.51,486.79,294.12,19.59,0
2025-08-11 04:00:00,CR-119,PL-03,3.5,68.34,11.31,402.0,248.52,22.67,0
2025-08-26 20:00:00,CR-118,PL-04,4.35,76.2,9.91,459.07,328.37,15.33,0
2025-08-22 22:00:00,CR-142,PL-01,5.26,66.4,10.79,442.48,312.24,19.91,0
2025-08-17 22:00:00,CR-113,PL-04,11.88,98.24,4.29,651.07,140.32,81.35,1
2025-08-03 12:00:00,CR-130,PL-05,5.2,64.23,12.51,404.28,303.49,23.68,0
2025-08-13 22:00:00,CR-102,PL-04,5.53,76.6,10.77,483.05,305.12,19.01,0
2025-08-07 21:00:00,CR-130,PL-04,4.46,71.69,11.05,410.4,273.21,17.62,0
2025-08-13 08:00:00,CR-143,PL-02,3.54,67.95,12.73,405.32,296.07,9.62,0
2025-08-17 01:00:00,CR-113,PL-05,3.89,70.79,11.19,503.11,341.94,13.85,0
2025-08-07 11:00:00,CR-124,PL-04,3.1,69.36,11.47,443.12,299.25,16.52,0
2025-08-12 05:00:00,CR-137,PL-01,3.96,68.02,11.37,473.52,265.65,21.21,0
2025-08-25 16:00:00,CR-120,PL-03,3.56,68.37,11.18,401.86,309.74,22.55,0
2025-08-12 06:00:00,CR-137,PL-05,4.2,67.53,11.73,489.0,304.4,22.73,0
2025-08-02 02:00:00,CR-108,PL-04,4.59,61.43,12.54,458.39,303.54,14.9,0
2025-08-19 03:00:00,CR-117,PL-04,4.32,71.39,13.25,470.6,265.51,7.15,0
2025-08-20 11:00:00,CR-116,PL-03,4.28,68.79,12.06,410.85,296.41,21.84,0
2025-08-08 05:00:00,CR-125,PL-03,4.8,71.39,13.21,448.48,297.73,28.14,0
2025-08-30 21:00:00,CR-131,PL-04,4.39,69.58,12.54,472.27,301.4,23.32,0
2025-08-28 10:00:00,CR-127,PL-01,3.37,68.95,12.77,484.18,312.7,8.93,0
2025-08-23 17:00:00,CR-132,PL-01,3.24,71.31,10.77,395.84,306.88,22.83,0
2025-08-09 04:00:00,CR-150,PL-03,2.82,60.24,11.21,514.16,269.07,16.27,0
2025-08-21 07:00:00,CR-137,PL-01,4.1,73.34,13.01,489.05,326.71,17.22,0
2025-08-26 01:00:00,CR-143,PL-03,2.07,71.47,12.59,441.26,298.16,18.08,0
2025-08-03 19:00:00,CR-142,PL-04,4.29,64.13,12.39,461.9,264.74,14.99,0
2025-08-10 08:00:00,CR-111,PL-04,3.81,68.11,11.03,484.95,305.36,18.03,0
2025-08-13 17:00:00,CR-143,PL-01,3.71,68.37,10.54,423.45,294.62,15.02,0
2025-08-15 17:00:00,CR-119,PL-04,5.11,71.6,12.4,465.5,319.59,14.13,0
2025-08-09 23:00:00,CR-138,PL-03,3.45,65.54,12.46,427.04,304.22,13.9,0
2025-08-01 09:00:00,CR-118,PL-05,3.83,73.83,10.97,442.79,309.28,20.49,0
2025-08-21 04:00:00,CR-112,PL-03,3.73,68.06,12.17,452.25,261.83,13.36,0
2025-08-19 02:00:00,CR-111,PL-02,3.45,78.16,12.2,516.35,302.27,18.68,0
2025-08-14 13:00:00,CR-127,PL-05,4.5,69.58,13.57,400.39,305.47,19.47,0
2025-08-26 21:00:00,CR-138,PL-02,5.15,61.52,10.68,488.27,293.54,14.32,0
2025-08-05 04:00:00,CR-128,PL-01,5.55,62.57,11.57,422.38,322.98,14.3,0
2025-08-16 10:00:00,CR-149,PL-03,3.1,73.16,11.91,387.24,291.51,15.65,0
2025-08-27 11:00:00,CR-111,PL-05,5.23,66.63,11.52,452.92,291.12,17.47,0
2025-08-10 19:00:00,CR-146,PL-02,3.48,61.18,12.69,392.97,247.56,17.02,0
2025-08-07 13:00:00,CR-137,PL-01,2.85,82.64,13.45,428.51,310.7,15.47,0
2025-08-14 19:00:00,CR-110,PL-02,4.67,67.99,11.88,509.42,285.96,19.71,0
2025-08-28 10:00:00,CR-150,PL-03,5.99,74.51,11.78,475.84,325.56,23.31,0
2025-08-05 20:00:00,CR-142,PL-01,3.85,66.99,10.41,449.91,290.78,23.97,0
2025-08-22 14:00:00,CR-145,PL-01,5.72,65.76,10.72,453.07,286.44,14.61,0
2025-08-01 22:00:00,CR-137,PL-04,4.19,70.42,10.67,437.72,297.46,12.03,0
2025-08-30 19:00:00,CR-115,PL-05,3.62,68.14,11.87,460.16,301.89,13.18,0
2025-08-16 15:00:00,CR-109,PL-02,4.86,68.13,12.68,467.05,301.46,9.28,0
2025-08-24 10:00:00,CR-133,PL-05,4.56,66.76,13.99,474.11,282.42,14.02,0
2025-08-06 12:00:00,CR-103,PL-04,4.12,65.77,11.34,428.15,256.49,21.61,0
2025-08-14 12:00:00,CR-137,PL-01,4.94,67.42,11.26,459.13,322.55,19.3,0
2025-08-08 19:00:00,CR-138,PL-04,5.37,69.87,11.69,427.42,257.94,10.88,0
2025-08-13 11:00:00,CR-139,PL-05,3.48,80.38,11.59,436.96,315.53,13.93,0
2025-08-25 00:00:00,CR-109,PL-03,3.19,69.15,11.8,431.8,329.04,17.41,0
2025-08-24 22:00:00,CR-104,PL-03,3.52,71.21,12.05,460.0,300.11,4.36,0
2025-08-28 05:00:00,CR-104,PL-02,6.13,73.02,13.59,406.26,255.97,23.32,0
2025-08-20 05:00:00,CR-128,PL-01,4.53,70.2,12.5,439.24,306.26,12.38,0
2025-08-02 14:00:00,CR-127,PL-01,3.21,66.67,9.97,430.78,287.58,15.45,0
2025-08-02 01:00:00,CR-113,PL-01,5.22,67.29,13.06,467.86,289.35,12.11,0
2025-08-08 22:00:00,CR-132,PL-02,5.81,74.05,12.48,484.33,302.07,26.66,0
2025-08-25 14:00:00,CR-105,PL-03,3.98,67.92,13.54,466.89,291.86,15.99,0
2025-08-02 16:00:00,CR-133,PL-01,4.26,62.79,12.61,411.66,278.82,18.17,0
2025-08-02 01:00:00,CR-107,PL-02,2.57,69.53,12.44,446.86,259.05,25.3,0
2025-08-28 16:00:00,CR-120,PL-02,4.44,77.36,12.33,454.51,292.4,17.67,0
2025-08-22 22:00:00,CR-140,PL-03,3.45,76.77,11.13,468.4,301.69,17.2,0
2025-08-19 13:00:00,CR-111,PL-02,2.79,67.07,13.11,434.57,308.62,27.43,0
2025-08-24 02:00:00,CR-105,PL-03,3.63,70.37,10.97,483.46,260.72,18.94,0
2025-08-27 16:00:00,CR-114,PL-04,4.71,71.1,12.38,486.2,327.11,22.05,0
2025-08-26 18:00:00,CR-102,PL-05,5.13,71.95,14.39,451.62,301.19,15.05,0
2025-08-13 13:00:00,CR-150,PL-02,4.01,73.2,11.3,444.94,325.88,22.45,0
2025-08-22 16:00:00,CR-121,PL-03,4.47,66.98,13.75,517.44,320.05,20.67,0
2025-08-26 23:00:00,CR-110,PL-04,4.19,70.77,11.65,423.25,319.43,13.63,0
2025-08-14 07:00:00,CR-133,PL-01,5.29,64.85,9.7,426.16,272.09,16.58,0
2025-08-15 08:00:00,CR-126,PL-05,4.59,65.45,12.31,419.78,293.73,12.68,0
2025-08-01 05:00:00,CR-130,PL-02,2.9,70.66,12.09,430.22,337.36,17.72,0
2025-08-29 18:00:00,CR-103,PL-04,2.59,69.08,11.87,442.17,294.19,26.39,0
2025-08-13 21:00:00,CR-142,PL-02,2.88,75.66,11.65,423.29,299.5,20.19,0
2025-08-12 17:00:00,CR-113,PL-02,4.97,64.43,10.27,468.33,301.13,14.87,0
2025-08-09 05:00:00,CR-129,PL-01,3.6,68.35,10.58,450.8,290.8,12.66,0
2025-08-14 08:00:00,CR-149,PL-05,4.74,76.39,12.22,419.84,319.16,13.8,0
2025-08-13 16:00:00,CR-130,PL-02,4.22,66.66,12.37,402.47,324.33,17.03,0
2025-08-25 11:00:00,CR-133,PL-04,4.32,72.1,11.45,497.6,281.98,6.4,0
2025-08-10 23:00:00,CR-122,PL-03,16.67,100.49,3.01,741.89,133.92,92.42,1
2025-08-01 13:00:00,CR-108,PL-03,4.09,70.93,10.17,471.48,276.88,27.2,0
2025-08-17 06:00:00,CR-127,PL-02,3.78,67.57,11.11,433.46,282.18,20.57,0
2025-08-29 16:00:00,CR-132,PL-02,4.42,64.88,9.78,486.9,266.17,15.68,0
2025-08-21 06:00:00,CR-124,PL-05,5.15,70.17,13.72,394.57,301.49,15.11,0
2025-08-14 11:00:00,CR-112,PL-04,4.3,63.54,10.24,424.26,274.24,13.07,0
2025-08-13 22:00:00,CR-135,PL-04,5.14,66.86,11.25,422.19,347.51,12.92,0
2025-08-27 02:00:00,CR-126,PL-02,4.7,64.66,11.39,422.43,304.47,20.07,0
2025-08-10 15:00:00,CR-139,PL-04,3.76,73.17,10.3,438.61,275.3,22.66,0
2025-08-19 15:00:00,CR-124,PL-01,3.35,70.85,12.65,455.09,307.22,24.03,0
2025-08-16 11:00:00,CR-124,PL-03,3.3,71.12,12.56,456.53,311.09,24.85,0
2025-08-29 08:00:00,CR-138,PL-03,4.83,63.94,14.82,484.01,251.93,18.53,0
2025-08-14 02:00:00,CR-140,PL-03,5.72,85.23,11.78,390.14,310.28,17.61,0
2025-08-18 02:00:00,CR-101,PL-02,5.0,69.93,11.67,473.71,286.43,20.32,0
2025-08-23 17:00:00,CR-144,PL-02,3.99,71.87,14.72,434.63,294.0,7.83,0
2025-08-27 10:00:00,CR-141,PL-04,3.62,61.71,13.64,549.85,250.59,11.13,0
2025-08-22 00:00:00,CR-132,PL-03,4.19,69.97,12.42,474.67,293.83,17.78,0
2025-08-28 08:00:00,CR-102,PL-01,3.19,69.76,11.69,440.87,301.46,17.67,0
2025-08-02 10:00:00,CR-136,PL-04,4.4,71.53,12.21,461.63,299.94,23.41,0
2025-08-11 07:00:00,CR-103,PL-03,3.77,69.95,11.13,468.52,294.6,19.26,0
2025-08-14 05:00:00,CR-114,PL-04,4.43,64.46,12.45,496.37,287.95,22.7,0
2025-08-21 14:00:00,CR-102,PL-01,2.68,71.24,12.34,395.6,308.84,11.58,0
2025-08-01 03:00:00,CR-130,PL-02,4.07,63.27,11.72,419.73,283.37,8.63,0
2025-08-19 14:00:00,CR-134,PL-01,4.4,71.6,11.3,497.87,294.17,15.24,0
2025-08-12 06:00:00,CR-136,PL-02,5.82,67.71,12.16,478.25,307.22,15.71,0
2025-08-06 17:00:00,CR-101,PL-03,5.15,62.29,12.74,436.2,280.31,13.32,0
2025-08-28 04:00:00,CR-139,PL-03,3.35,62.3,13.35,386.9,310.96,15.27,0
2025-08-24 06:00:00,CR-147,PL-02,4.54,69.07,12.26,445.54,300.6,15.54,0
2025-08-27 19:00:00,CR-140,PL-03,3.0,73.51,13.24,459.56,320.86,16.32,0
2025-08-25 03:00:00,CR-115,PL-03,3.43,64.09,10.9,455.43,282.33,28.1,0
2025-08-19 01:00:00,CR-108,PL-02,2.15,75.37,12.51,438.0,314.04,15.79,0
2025-08-13 05:00:00,CR-141,PL-04,2.92,62.18,12.06,455.44,295.15,15.66,0
2025-08-16 07:00:00,CR-102,PL-03,2.91,61.64,12.39,442.22,288.43,10.87,0
2025-08-25 16:00:00,CR-117,PL-01,3.64,70.18,13.16,430.62,312.88,17.68,0
2025-08-08 23:00:00,CR-149,PL-03,4.5,72.85,13.04,460.16,306.43,19.68,0
2025-08-28 18:00:00,CR-123,PL-04,2.67,67.98,10.95,428.77,319.01,18.33,0
2025-08-22 05:00:00,CR-132,PL-04,5.34,81.57,11.66,434.87,311.54,16.35,0
2025-08-27 23:00:00,CR-110,PL-03,4.36,76.5,10.69,457.68,294.24,19.91,0
2025-08-29 06:00:00,CR-111,PL-02,3.62,72.4,11.24,486.93,291.79,18.62,0
2025-08-06 13:00:00,CR-143,PL-03,3.83,76.94,12.39,417.02,267.38,11.93,0
2025-08-26 03:00:00,CR-147,PL-03,5.75,64.52,11.78,423.08,288.48,19.62,0
2025-08-29 01:00:00,CR-120,PL-01,4.06,70.98,11.85,438.14,303.19,22.47,0
2025-08-15 18:00:00,CR-127,PL-04,3.72,76.35,10.53,480.86,299.59,13.76,0
2025-08-23 03:00:00,CR-111,PL-03,15.48,93.9,3.92,700.07,129.94,72.94,1
2025-08-14 17:00:00,CR-132,PL-03,3.22,67.25,11.76,416.05,284.3,20.47,0
2025-08-02 23:00:00,CR-147,PL-05,4.4,77.06,11.17,491.22,281.81,19.7,0
2025-08-25 04:00:00,CR-124,PL-04,3.42,60.61,12.84,429.14,284.6,17.19,0
2025-08-17 13:00:00,CR-107,PL-05,3.55,70.33,11.8,425.77,310.3,19.59,0
2025-08-11 05:00:00,CR-130,PL-02,2.91,70.4,10.45,430.42,266.28,18.57,0
2025-08-27 19:00:00,CR-109,PL-05,5.76,70.96,10.63,450.56,296.07,13.35,0
2025-08-02 05:00:00,CR-111,PL-03,2.94,65.67,12.12,426.14,289.44,19.23,0
2025-08-28 06:00:00,CR-135,PL-02,3.67,68.1,12.22,426.17,316.19,29.56,0
2025-08-03 19:00:00,CR-146,PL-03,4.19,69.94,11.2,436.56,291.02,23.23,0
2025-08-22 07:00:00,CR-136,PL-04,3.8,69.74,11.38,399.72,297.88,21.58,0
2025-08-01 18:00:00,CR-116,PL-01,4.03,74.01,12.36,399.22,300.38,15.98,0
2025-08-04 15:00:00,CR-116,PL-02,5.54,73.55,11.87,410.5,291.6,19.96,0
2025-08-19 19:00:00,CR-106,PL-04,3.31,76.06,12.98,491.91,328.17,15.44,0
2025-08-02 12:00:00,CR-127,PL-02,2.16,67.41,10.96,466.45,298.84,13.6,0
2025-08-02 17:00:00,CR-103,PL-05,3.34,73.64,11.67,456.58,285.8,14.37,0
2025-08-21 17:00:00,CR-111,PL-04,3.32,74.21,12.08,417.73,306.92,8.72,0
2025-08-12 21:00:00,CR-112,PL-02,4.94,69.25,11.58,477.66,304.38,13.54,0
2025-08-02 03:00:00,CR-136,PL-01,4.92,65.74,11.7,462.25,288.99,17.52,0
2025-08-19 08:00:00,CR-123,PL-04,3.97,61.81,13.2,472.59,315.66,17.93,0
2025-08-20 22:00:00,CR-144,PL-01,4.14,72.44,13.63,415.88,307.81,21.67,0
2025-08-24 23:00:00,CR-105,PL-05,3.72,74.17,11.41,467.45,279.62,15.53,0
2025-08-04 13:00:00,CR-101,PL-03,5.56,59.73,13.65,374.41,340.84,16.21,0
2025-08-23 13:00:00,CR-113,PL-03,3.84,70.3,10.2,450.53,298.8,9.33,0
2025-08-23 17:00:00,CR-120,PL-01,3.41,70.58,12.65,433.06,314.35,11.57,0
2025-08-02 18:00:00,CR-104,PL-01,4.57,77.09,12.26,450.29,288.04,6.37,0
2025-08-11 02:00:00,CR-128,PL-05,3.73,69.03,12.55,465.05,318.56,20.25,0
2025-08-06 19:00:00,CR-102,PL-02,4.01,76.81,11.33,398.25,339.28,22.19,0
2025-08-28 20:00:00,CR-125,PL-05,4.26,68.67,12.74,508.0,283.84,23.17,0
2025-08-28 23:00:00,CR-108,PL-02,4.94,67.64,12.68,475.35,310.28,20.2,0
2025-08-12 15:00:00,CR-101,PL-04,3.77,65.87,12.48,431.62,319.26,19.9,0
2025-08-21 05:00:00,CR-142,PL-01,4.44,62.05,14.18,490.83,289.49,23.46,0
2025-08-24 20:00:00,CR-125,PL-04,1.99,65.59,12.88,420.92,307.32,25.22,0
2025-08-17 00:00:00,CR-113,PL-03,5.6,69.25,12.32,452.53,285.85,23.16,0
2025-08-16 02:00:00,CR-122,PL-05,3.37,66.38,14.0,453.97,324.38,11.82,0
2025-08-09 12:00:00,CR-129,PL-02,3.47,64.76,10.48,421.39,254.18,22.34,0
2025-08-25 04:00:00,CR-130,PL-04,6.03,62.38,11.42,488.52,328.35,13.42,0
2025-08-05 17:00:00,CR-149,PL-03,4.62,68.89,12.88,454.96,293.49,16.41,0
2025-08-16 10:00:00,CR-147,PL-04,5.04,63.69,11.72,445.12,286.0,19.24,0
2025-08-08 16:00:00,CR-134,PL-05,4.11,74.1,12.58,484.47,297.61,14.8,0
2025-08-13 01:00:00,CR-144,PL-01,3.82,71.4,11.13,433.22,275.61,11.36,0
2025-08-08 10:00:00,CR-107,PL-01,3.27,64.81,12.68,455.74,287.82,19.8,0
2025-08-26 09:00:00,CR-109,PL-01,3.86,64.75,11.22,512.94,311.55,18.61,0
2025-08-13 02:00:00,CR-147,PL-05,11.93,112.88,3.81,776.04,115.45,81.05,1
2025-08-15 09:00:00,CR-134,PL-03,4.46,66.35,11.47,508.71,314.57,28.03,0
2025-08-01 08:00:00,CR-103,PL-04,4.82,60.46,11.15,459.04,305.15,23.15,0
2025-08-08 01:00:00,CR-111,PL-01,5.25,65.12,12.8,395.49,296.96,21.9,0
2025-08-24 12:00:00,CR-113,PL-05,3.43,74.51,11.74,417.73,292.15,23.19,0
2025-08-11 04:00:00,CR-130,PL-03,4.41,63.84,11.89,424.23,298.57,22.64,0
2025-08-26 05:00:00,CR-132,PL-05,3.71,78.49,11.87,396.68,297.19,12.14,0
2025-08-19 10:00:00,CR-107,PL-05,4.7,63.76,12.35,453.4,318.61,15.54,0
2025-08-08 10:00:00,CR-139,PL-01,6.08,71.17,10.41,432.39,251.84,9.94,0
2025-08-25 12:00:00,CR-121,PL-04,3.08,73.02,11.15,414.44,272.98,17.61,0
2025-08-29 05:00:00,CR-105,PL-02,5.38,64.71,11.67,439.53,327.79,24.82,0
2025-08-03 21:00:00,CR-121,PL-05,3.49,68.42,12.09,530.26,284.1,25.37,0
2025-08-04 05:00:00,CR-139,PL-03,3.39,74.75,12.45,430.36,309.49,16.85,0
2025-08-21 08:00:00,CR-101,PL-03,2.92,71.34,12.35,434.0,302.66,21.48,0
2025-08-21 16:00:00,CR-125,PL-02,6.54,72.05,12.11,436.19,273.72,11.7,0
2025-08-01 01:00:00,CR-123,PL-02,3.89,76.8,12.69,404.52,307.09,18.09,0
2025-08-20 04:00:00,CR-103,PL-02,4.23,63.85,10.33,450.79,273.59,21.75,0
2025-08-13 22:00:00,CR-117,PL-01,3.7,70.42,10.45,455.66,299.98,10.52,0
2025-08-01 14:00:00,CR-108,PL-02,5.15,64.03,10.93,501.12,286.61,18.57,0
2025-08-29 23:00:00,CR-122,PL-03,3.48,75.46,12.03,478.78,291.22,19.21,0
2025-08-27 06:00:00,CR-130,PL-02,2.9,67.85,12.07,431.58,286.03,16.95,0
2025-08-19 15:00:00,CR-107,PL-05,3.55,68.03,12.24,426.79,283.48,12.83,0
2025-08-13 16:00:00,CR-139,PL-01,4.88,72.94,11.6,462.95,267.72,12.74,0
2025-08-01 09:00:00,CR-125,PL-01,5.99,74.48,13.23,471.04,302.15,16.9,0
2025-08-18 06:00:00,CR-106,PL-02,3.6,78.0,12.71,401.6,318.56,18.22,0
2025-08-07 11:00:00,CR-132,PL-04,4.1,66.5,12.56,441.47,307.58,9.6,0
2025-08-17 01:00:00,CR-145,PL-05,4.1,74.78,13.17,387.52,300.21,13.02,0
2025-08-16 00:00:00,CR-137,PL-04,4.26,66.44,12.61,440.02,305.3,21.53,0
2025-08-09 07:00:00,CR-110,PL-03,2.39,66.0,9.65,462.11,285.58,20.75,0
2025-08-25 18:00:00,CR-124,PL-01,5.79,68.49,12.14,435.01,283.29,15.1,0
2025-08-28 08:00:00,CR-116,PL-03,4.61,71.05,11.68,460.67,327.87,14.03,0
2025-08-28 00:00:00,CR-117,PL-01,4.06,72.76,12.45,437.01,338.68,19.88,0
2025-08-25 23:00:00,CR-127,PL-03,4.68,67.73,11.74,433.04,317.64,24.61,0
2025-08-28 18:00:00,CR-127,PL-01,3.09,75.86,12.07,449.19,302.91,18.92,0
2025-08-19 09:00:00,CR-120,PL-05,3.39,74.49,11.26,425.84,299.16,22.99,0
2025-08-11 19:00:00,CR-108,PL-05,4.19,67.65,9.94,475.71,317.02,14.65,0
2025-08-24 06:00:00,CR-126,PL-03,2.99,70.54,11.99,383.01,284.57,12.82,0
2025-08-25 21:00:00,CR-119,PL-05,2.88,67.48,11.78,456.32,287.02,19.83,0
2025-08-07 21:00:00,CR-132,PL-04,5.02,67.55,12.73,484.97,263.48,16.38,0
2025-08-29 15:00:00,CR-150,PL-04,4.12,64.32,11.59,442.67,329.22,22.9,0
2025-08-05 18:00:00,CR-136,PL-03,4.63,69.69,10.94,414.15,298.39,18.75,0
2025-08-22 16:00:00,CR-134,PL-04,3.51,74.6,9.98,481.15,302.93,25.75,0
2025-08-16 20:00:00,CR-123,PL-04,3.78,69.85,12.31,483.6,298.56,23.26,0
2025-08-07 01:00:00,CR-132,PL-01,2.36,65.29,11.2,465.81,305.76,12.66,0
2025-08-23 11:00:00,CR-130,PL-05,3.73,72.57,11.02,404.02,292.2,20.33,0
2025-08-13 15:00:00,CR-125,PL-03,4.79,62.97,13.23,398.21,291.91,16.29,0
2025-08-27 00:00:00,CR-102,PL-04,1.85,69.37,10.48,451.62,295.42,7.87,0
2025-08-11 01:00:00,CR-148,PL-04,4.51,65.78,13.41,455.48,292.54,20.49,0
2025-08-26 17:00:00,CR-147,PL-05,0.97,67.03,12.17,433.34,296.37,6.03,0
2025-08-20 14:00:00,CR-130,PL-01,2.35,64.86,10.99,508.01,306.77,22.89,0
2025-08-09 21:00:00,CR-148,PL-02,5.37,69.74,12.91,419.2,314.88,20.28,0
2025-08-26 10:00:00,CR-105,PL-02,3.67,66.55,12.17,480.19,297.07,17.72,0
2025-08-17 13:00:00,CR-145,PL-05,2.88,72.23,14.12,503.35,323.53,12.34,0
2025-08-27 21:00:00,CR-126,PL-04,3.69,69.87,11.36,498.97,329.62,20.65,0
2025-08-19 01:00:00,CR-140,PL-05,5.76,70.25,12.94,458.33,309.96,20.91,0
2025-08-28 17:00:00,CR-106,PL-03,4.86,64.09,11.61,453.18,295.89,17.65,0
2025-08-12 06:00:00,CR-126,PL-01,3.7,68.41,12.48,441.28,268.65,12.09,0
2025-08-08 18:00:00,CR-121,PL-05,17.08,100.4,5.76,612.26,132.85,75.08,1
2025-08-30 14:00:00,CR-124,PL-03,3.84,70.94,11.24,451.47,313.55,16.17,0
2025-08-03 06:00:00,CR-124,PL-01,5.12,66.07,12.64,436.01,286.02,18.76,0
2025-08-14 15:00:00,CR-140,PL-01,4.03,69.64,11.23,457.91,304.68,17.38,0
2025-08-18 18:00:00,CR-145,PL-04,4.2,65.89,12.43,395.57,274.92,21.73,0
2025-08-22 14:00:00,CR-122,PL-05,2.28,70.36,11.59,414.72,318.58,21.53,0
2025-08-09 22:00:00,CR-140,PL-02,5.24,70.99,12.19,436.07,322.32,22.17,0
2025-08-09 09:00:00,CR-110,PL-05,5.41,76.62,13.55,473.45,310.63,26.03,0
2025-08-06 16:00:00,CR-134,PL-02,4.32,70.76,11.81,420.93,302.42,12.08,0
2025-08-17 10:00:00,CR-128,PL-05,3.66,63.3,13.07,427.92,291.21,19.78,0
2025-08-12 13:00:00,CR-110,PL-02,3.38,68.03,10.55,445.85,288.83,16.56,0
2025-08-27 10:00:00,CR-138,PL-02,5.32,78.35,10.41,444.96,276.08,18.04,0
2025-08-09 13:00:00,CR-128,PL-04,3.55,63.22,11.09,472.67,301.77,12.03,0
2025-08-05 16:00:00,CR-133,PL-05,6.06,64.55,11.18,446.43,290.22,21.87,0
2025-08-17 07:00:00,CR-130,PL-05,6.44,65.6,10.45,425.96,298.33,13.93,0
2025-08-29 07:00:00,CR-106,PL-04,3.28,73.3,10.03,455.3,310.14,28.46,0
2025-08-15 08:00:00,CR-123,PL-01,2.2,69.94,12.74,433.93,299.13,14.29,0
2025-08-27 08:00:00,CR-119,PL-03,3.79,77.41,11.3,423.66,297.07,27.32,0
2025-08-21 11:00:00,CR-131,PL-02,1.95,72.78,11.41,499.5,278.19,26.4,0
2025-08-10 04:00:00,CR-112,PL-01,5.19,61.76,11.28,474.85,284.1,29.16,0
2025-08-14 12:00:00,CR-109,PL-05,4.83,72.57,14.15,437.74,312.74,13.26,0
2025-08-28 20:00:00,CR-136,PL-05,2.86,63.96,11.65,419.2,346.79,16.48,0
2025-08-24 07:00:00,CR-127,PL-04,4.01,78.58,12.6,405.06,313.13,11.92,0
2025-08-28 23:00:00,CR-148,PL-05,2.58,66.21,11.53,458.21,320.25,23.21,0
2025-08-10 16:00:00,CR-108,PL-02,3.92,69.13,12.48,481.6,333.71,1.55,0
2025-08-25 10:00:00,CR-104,PL-02,2.28,62.53,11.38,472.52,322.23,26.78,0
2025-08-09 07:00:00,CR-128,PL-03,3.59,65.5,12.82,479.82,283.24,12.32,0
2025-08-13 12:00:00,CR-126,PL-01,3.55,68.68,12.65,418.22,287.88,19.93,0
2025-08-12 20:00:00,CR-134,PL-05,4.79,83.15,12.28,456.93,299.67,12.73,0
2025-08-09 20:00:00,CR-122,PL-04,4.98,70.07,11.73,484.2,294.78,18.52,0
2025-08-08 00:00:00,CR-135,PL-04,3.97,71.35,11.08,411.52,306.39,14.83,0
2025-08-27 16:00:00,CR-133,PL-02,4.37,73.33,12.46,406.58,312.88,11.25,0
2025-08-04 15:00:00,CR-118,PL-05,4.37,70.66,12.83,421.08,289.6,9.69,0
2025-08-15 04:00:00,CR-130,PL-03,4.96,69.56,11.8,452.67,302.44,21.09,0
2025-08-08 13:00:00,CR-109,PL-02,2.96,79.25,12.36,447.58,280.73,17.43,0
2025-08-14 11:00:00,CR-101,PL-04,4.54,62.34,11.66,476.66,286.67,21.49,0
2025-08-06 02:00:00,CR-138,PL-03,4.04,72.91,12.35,442.43,279.15,22.02,0
2025-08-15 18:00:00,CR-101,PL-01,3.0,64.53,10.53,468.46,290.89,27.66,0
2025-08-24 01:00:00,CR-112,PL-02,4.24,58.47,9.86,438.12,298.49,14.81,0
2025-08-18 10:00:00,CR-150,PL-03,4.74,70.61,11.93,522.92,287.4,24.09,0
2025-08-07 16:00:00,CR-131,PL-03,3.81,68.32,13.1,463.8,307.32,15.45,0
2025-08-05 16:00:00,CR-126,PL-02,3.39,66.65,10.47,451.99,274.79,21.49,0
2025-08-08 15:00:00,CR-122,PL-03,3.42,64.72,12.25,414.17,267.88,20.43,0
2025-08-24 09:00:00,CR-123,PL-01,4.52,74.72,9.69,410.69,301.13,22.56,0
2025-08-22 12:00:00,CR-134,PL-01,14.71,105.97,3.83,636.98,115.32,88.0,1
2025-08-29 06:00:00,CR-102,PL-04,3.75,71.87,11.53,387.59,290.65,5.56,0
2025-08-23 20:00:00,CR-136,PL-03,4.21,74.1,10.85,423.3,307.17,10.99,0
2025-08-09 21:00:00,CR-136,PL-01,3.81,66.3,10.44,480.28,269.27,4.58,0
2025-08-08 07:00:00,CR-128,PL-04,4.03,69.58,10.84,452.76,290.95,19.13,0
2025-08-11 11:00:00,CR-150,PL-02,3.19,76.05,13.02,519.27,283.2,25.14,0
2025-08-13 02:00:00,CR-134,PL-02,3.82,74.71,12.41,417.54,332.29,18.6,0
2025-08-23 21:00:00,CR-117,PL-05,3.45,75.53,11.36,452.52,301.04,18.94,0
2025-08-15 00:00:00,CR-143,PL-01,3.5,70.2,12.95,460.93,304.2,26.58,0
2025-08-18 19:00:00,CR-110,PL-01,2.6,69.08,8.18,407.0,342.26,20.84,0
2025-08-18 10:00:00,CR-120,PL-04,4.83,72.06,12.11,490.82,257.5,23.64,0
2025-08-31 00:00:00,CR-103,PL-01,3.06,75.35,13.83,510.96,304.96,15.09,0
2025-08-07 23:00:00,CR-120,PL-04,4.22,64.01,10.5,433.54,326.33,22.03,0
2025-08-26 05:00:00,CR-113,PL-03,4.54,71.22,12.24,419.42,317.68,14.67,0
2025-08-10 20:00:00,CR-112,PL-03,4.2,65.59,12.33,423.0,283.73,18.91,0
2025-08-08 23:00:00,CR-137,PL-02,4.64,71.84,11.42,458.51,299.86,21.94,0
2025-08-11 16:00:00,CR-147,PL-03,4.62,67.97,13.61,464.74,300.92,20.3,0
2025-08-05 07:00:00,CR-128,PL-03,2.58,71.49,12.87,434.77,297.32,20.94,0
2025-08-25 20:00:00,CR-145,PL-02,3.82,73.48,13.07,459.21,313.06,20.68,0
2025-08-02 11:00:00,CR-116,PL-01,5.44,69.29,11.38,428.39,314.48,20.5,0
2025-08-30 05:00:00,CR-143,PL-05,4.09,73.58,13.16,454.96,276.45,18.95,0
2025-08-29 05:00:00,CR-136,PL-03,3.21,74.97,10.84,423.74,350.05,17.46,0
2025-08-21 01:00:00,CR-134,PL-02,3.51,69.65,12.35,421.46,288.04,26.51,0
2025-08-10 05:00:00,CR-123,PL-05,3.36,72.12,11.94,438.3,311.26,16.69,0
2025-08-06 15:00:00,CR-135,PL-01,3.69,71.03,11.82,475.42,307.8,20.82,0
2025-08-12 02:00:00,CR-112,PL-01,5.4,68.15,12.11,454.54,291.93,16.12,0
2025-08-06 19:00:00,CR-147,PL-03,4.26,63.31,13.21,457.59,293.57,12.32,0
2025-08-13 18:00:00,CR-108,PL-04,2.66,72.73,11.61,447.36,277.53,19.88,0
2025-08-03 23:00:00,CR-106,PL-05,4.37,73.48,13.1,445.35,286.47,7.96,0
2025-08-14 08:00:00,CR-140,PL-03,3.15,67.86,11.35,481.56,289.29,20.21,0
2025-08-29 21:00:00,CR-114,PL-02,4.8,76.63,11.74,429.18,226.47,18.57,0
2025-08-17 13:00:00,CR-127,PL-01,3.36,75.84,12.42,463.72,313.44,12.34,0
2025-08-25 19:00:00,CR-136,PL-03,4.35,65.09,11.18,439.92,317.42,18.52,0
2025-08-10 04:00:00,CR-115,PL-04,5.73,66.98,13.07,457.19,296.01,13.76,0
2025-08-08 11:00:00,CR-148,PL-01,1.98,71.83,13.15,517.42,282.92,18.04,0
2025-08-25 00:00:00,CR-101,PL-04,1.65,79.34,10.98,422.73,273.26,19.91,0
2025-08-29 01:00:00,CR-124,PL-02,3.84,71.5,10.66,448.65,323.55,5.74,0
2025-08-07 01:00:00,CR-101,PL-04,5.17,66.98,13.26,470.92,318.49,21.79,0
2025-08-28 18:00:00,CR-144,PL-04,2.77,68.24,12.76,419.75,308.07,27.78,0
2025-08-02 02:00:00,CR-149,PL-01,4.63,69.24,11.98,428.0,316.99,24.82,0
2025-08-27 02:00:00,CR-145,PL-03,5.0,66.78,11.86,466.48,300.21,16.08,0
2025-08-02 14:00:00,CR-107,PL-05,2.83,80.63,11.89,429.83,314.08,14.44,0
2025-08-05 12:00:00,CR-116,PL-03,4.08,63.26,12.06,457.83,289.12,17.64,0
2025-08-20 06:00:00,CR-110,PL-01,2.94,70.32,11.3,466.48,286.43,18.37,0
2025-08-08 00:00:00,CR-130,PL-03,2.49,72.47,13.87,412.11,282.9,21.33,0
2025-08-11 05:00:00,CR-130,PL-04,4.5,70.6,10.91,433.46,295.41,21.16,0
2025-08-06 23:00:00,CR-102,PL-04,2.76,75.01,13.58,439.06,294.8,23.95,0
2025-08-01 10:00:00,CR-112,PL-04,3.73,71.81,10.92,401.72,293.29,20.11,0
2025-08-02 04:00:00,CR-125,PL-01,4.99,71.33,11.62,477.98,288.32,14.09,0
2025-08-16 19:00:00,CR-135,PL-04,5.57,71.19,12.05,480.7,315.68,11.04,0
2025-08-02 00:00:00,CR-130,PL-01,2.69,67.89,11.44,445.87,312.04,15.09,0
2025-08-02 12:00:00,CR-110,PL-01,5.64,65.26,11.65,461.7,331.91,16.84,0
2025-08-18 01:00:00,CR-103,PL-02,4.75,68.65,10.87,410.74,328.37,15.38,0
2025-08-01 00:00:00,CR-111,PL-02,4.96,72.32,12.42,463.37,298.45,11.95,0
2025-08-17 09:00:00,CR-112,PL-02,3.98,68.67,11.88,464.17,326.77,18.82,0
2025-08-11 16:00:00,CR-125,PL-03,3.34,69.44,12.64,483.11,291.43,23.27,0
2025-08-31 00:00:00,CR-101,PL-02,6.3,69.61,12.87,461.32,303.69,21.07,0
2025-08-16 11:00:00,CR-144,PL-01,4.5,70.03,11.05,441.35,322.81,17.56,0
2025-08-22 19:00:00,CR-131,PL-02,3.81,66.66,11.05,423.34,307.7,13.94,0
2025-08-10 21:00:00,CR-113,PL-03,3.15,61.4,11.14,460.71,285.67,17.59,0
2025-08-30 02:00:00,CR-148,PL-02,3.7,69.55,10.14,444.35,312.81,25.32,0
2025-08-01 08:00:00,CR-150,PL-04,3.1,62.07,11.56,438.69,307.24,20.75,0
2025-08-06 02:00:00,CR-140,PL-01,5.96,79.96,11.92,463.02,291.55,21.08,0
2025-08-09 12:00:00,CR-107,PL-05,2.73,73.63,13.01,478.76,298.41,24.6,0
2025-08-19 09:00:00,CR-132,PL-05,2.88,67.45,9.12,466.96,317.76,21.96,0
2025-08-30 10:00:00,CR-145,PL-05,3.88,74.3,11.57,455.61,315.8,16.5,0
2025-08-25 13:00:00,CR-149,PL-04,3.74,72.97,14.01,458.21,326.85,16.4,0
2025-08-21 04:00:00,CR-105,PL-01,3.56,66.17,12.94,433.48,284.46,23.54,0
2025-08-05 14:00:00,CR-101,PL-03,3.35,69.69,12.35,434.11,321.65,26.39,0
2025-08-30 18:00:00,CR-111,PL-04,4.21,72.46,12.37,466.53,341.8,25.55,0
2025-08-17 05:00:00,CR-105,PL-02,1.72,69.7,11.44,482.09,257.51,17.31,0
2025-08-08 14:00:00,CR-139,PL-02,5.14,63.67,12.29,478.23,323.38,20.01,0
2025-08-26 20:00:00,CR-110,PL-05,4.09,72.51,10.99,450.46,342.37,15.16,0
2025-08-19 04:00:00,CR-135,PL-04,3.67,64.76,11.36,445.0,327.55,22.8,0
2025-08-07 09:00:00,CR-116,PL-01,4.21,76.0,12.11,487.45,311.07,14.84,0
2025-08-01 17:00:00,CR-145,PL-01,4.33,80.2,11.69,414.42,297.98,22.33,0
2025-08-12 08:00:00,CR-140,PL-02,3.64,59.48,11.55,417.48,310.72,18.78,0
2025-08-06 00:00:00,CR-126,PL-01,4.49,77.65,11.6,413.11,280.54,20.06,0
2025-08-26 21:00:00,CR-147,PL-05,4.09,66.07,10.6,475.53,303.46,23.06,0
2025-08-23 20:00:00,CR-131,PL-04,3.05,66.8,11.47,463.14,321.5,10.4,0
2025-08-11 17:00:00,CR-135,PL-02,2.83,67.67,11.63,418.9,329.34,12.71,0
2025-08-05 22:00:00,CR-106,PL-02,2.58,66.53,10.71,472.13,278.39,25.07,0
2025-08-21 12:00:00,CR-114,PL-03,2.98,72.82,11.77,431.83,265.81,20.94,0
2025-08-04 21:00:00,CR-141,PL-03,4.96,74.43,12.55,484.81,292.62,14.78,0
2025-08-14 19:00:00,CR-102,PL-05,4.4,77.13,11.31,488.29,309.2,15.41,0
2025-08-20 12:00:00,CR-101,PL-04,4.47,71.01,11.0,374.75,320.89,14.81,0
2025-08-10 06:00:00,CR-136,PL-01,3.29,66.89,12.9,459.27,302.89,16.13,0
2025-08-06 22:00:00,CR-150,PL-01,5.59,64.77,13.15,405.54,304.91,14.88,0
2025-08-18 17:00:00,CR-101,PL-02,4.38,68.16,11.63,404.93,296.54,19.22,0
2025-08-29 00:00:00,CR-120,PL-03,4.62,75.74,10.92,382.46,296.13,8.0,0
2025-08-12 19:00:00,CR-148,PL-03,3.84,77.86,11.77,408.41,326.04,24.29,0
2025-08-25 02:00:00,CR-124,PL-02,4.14,73.21,13.65,361.33,309.63,25.15,0
2025-08-11 17:00:00,CR-113,PL-05,4.5,77.64,11.95,472.97,270.27,14.89,0
2025-08-15 18:00:00,CR-142,PL-02,4.34,64.21,9.8,446.19,321.46,25.16,0
2025-08-06 13:00:00,CR-142,PL-01,3.31,74.11,12.16,472.05,301.86,14.36,0
2025-08-21 15:00:00,CR-121,PL-05,4.45,70.26,12.61,453.75,308.11,20.19,0
2025-08-29 10:00:00,CR-138,PL-02,5.41,70.13,12.23,409.2,330.92,13.6,0
2025-08-29 01:00:00,CR-118,PL-04,3.07,72.31,11.1,443.31,330.39,8.79,0
2025-08-19 11:00:00,CR-114,PL-05,2.84,76.66,11.01,452.8,310.46,13.66,0
2025-08-09 12:00:00,CR-104,PL-05,3.86,67.42,13.2,443.8,316.78,16.13,0
2025-08-11 08:00:00,CR-137,PL-02,3.1,65.32,11.86,476.51,282.48,22.95,0
2025-08-02 17:00:00,CR-137,PL-01,4.15,72.97,11.74,397.67,310.85,16.85,0
2025-08-05 20:00:00,CR-110,PL-05,2.65,71.42,10.38,480.27,266.43,12.62,0
2025-08-26 09:00:00,CR-131,PL-02,5.69,71.92,14.25,457.89,281.69,19.91,0
2025-08-26 17:00:00,CR-112,PL-04,3.65,60.25,11.76,456.21,326.61,22.35,0
2025-08-13 23:00:00,CR-133,PL-05,16.88,116.43,4.27,709.27,119.26,96.06,1
2025-08-12 10:00:00,CR-139,PL-02,3.72,77.3,11.21,445.66,279.6,18.23,0
2025-08-01 21:00:00,CR-130,PL-05,3.43,61.94,11.26,383.63,288.14,5.18,0
2025-08-09 04:00:00,CR-101,PL-02,3.7,61.96,10.4,442.78,320.34,16.56,0
2025-08-02 15:00:00,CR-133,PL-03,4.67,69.88,11.17,422.77,309.71,17.76,0
2025-08-11 22:00:00,CR-142,PL-05,3.67,69.42,12.74,428.96,295.02,7.59,0
2025-08-07 02:00:00,CR-141,PL-01,3.55,73.83,11.39,482.92,303.19,21.14,0
2025-08-11 19:00:00,CR-113,PL-03,3.91,72.22,10.88,421.39,321.43,16.66,0
2025-08-29 08:00:00,CR-134,PL-04,5.38,70.86,12.29,473.2,321.2,12.94,0
2025-08-07 02:00:00,CR-148,PL-03,3.52,57.71,12.97,485.42,279.25,13.71,0
2025-08-08 22:00:00,CR-150,PL-02,3.15,75.48,12.41,432.34,296.98,19.06,0
2025-08-30 21:00:00,CR-135,PL-02,4.76,66.97,11.61,456.49,318.18,23.0,0
2025-08-09 05:00:00,CR-144,PL-04,4.45,80.8,12.94,511.55,288.87,19.88,0
2025-08-22 03:00:00,CR-141,PL-03,3.91,65.1,12.16,462.67,281.79,14.71,0
2025-08-05 17:00:00,CR-143,PL-04,4.27,75.85,13.44,450.68,301.51,23.71,0
2025-08-18 03:00:00,CR-136,PL-01,5.75,68.57,12.34,468.97,303.16,21.41,0
2025-08-09 16:00:00,CR-116,PL-04,4.52,70.56,12.19,456.75,316.04,13.27,0
2025-08-22 00:00:00,CR-130,PL-01,3.41,56.08,11.71,461.56,279.56,19.81,0
2025-08-06 04:00:00,CR-113,PL-04,3.73,77.98,10.61,433.24,291.23,20.56,0
2025-08-09 06:00:00,CR-107,PL-05,5.06,67.56,11.52,489.9,317.56,21.11,0
2025-08-13 03:00:00,CR-130,PL-02,3.72,69.75,11.19,458.56,288.39,19.1,0
2025-08-01 22:00:00,CR-136,PL-04,5.03,74.75,11.27,435.24,319.97,16.98,0
2025-08-24 20:00:00,CR-144,PL-04,2.99,66.55,14.12,425.61,277.6,15.45,0
2025-08-21 19:00:00,CR-114,PL-04,6.09,72.58,12.65,446.03,348.14,19.09,0
2025-08-03 13:00:00,CR-118,PL-03,1.15,63.02,12.26,432.09,318.33,20.69,0
2025-08-12 13:00:00,CR-131,PL-01,11.6,107.41,3.58,747.36,131.89,79.57,1
2025-08-18 18:00:00,CR-117,PL-04,3.68,68.28,11.6,431.46,281.12,14.25,0
2025-08-24 18:00:00,CR-120,PL-05,3.55,70.85,11.81,408.64,276.08,11.55,0
2025-08-08 06:00:00,CR-132,PL-04,3.28,68.95,11.25,454.98,306.73,17.51,0
2025-08-13 13:00:00,CR-126,PL-02,3.04,68.61,8.95,455.63,293.29,28.45,0
2025-08-09 21:00:00,CR-133,PL-01,4.45,82.65,12.12,426.13,325.35,9.02,0
2025-08-08 13:00:00,CR-149,PL-01,4.05,70.5,11.46,408.16,286.04,17.97,0
2025-08-08 04:00:00,CR-143,PL-02,4.44,70.14,11.56,392.19,289.74,15.25,0
2025-08-12 01:00:00,CR-112,PL-02,4.04,60.32,12.46,472.21,318.47,17.62,0
2025-08-05 21:00:00,CR-127,PL-04,2.97,69.69,10.87,498.76,308.21,20.67,0
2025-08-07 23:00:00,CR-109,PL-03,4.05,74.54,12.19,398.2,292.76,21.25,0
2025-08-05 10:00:00,CR-134,PL-05,3.85,56.03,11.81,419.35,308.06,7.82,0
2025-08-14 22:00:00,CR-124,PL-04,5.23,71.87,12.48,435.84,275.52,27.05,0
2025-08-21 23:00:00,CR-144,PL-05,4.59,72.81,12.41,441.0,348.95,22.14,0
2025-08-12 16:00:00,CR-128,PL-01,5.28,70.07,11.15,447.16,265.66,14.41,0
2025-08-24 06:00:00,CR-124,PL-05,5.52,67.27,12.47,467.98,335.24,26.32,0
2025-08-02 04:00:00,CR-136,PL-05,3.0,58.58,10.68,432.25,290.44,12.23,0
2025-08-02 11:00:00,CR-104,PL-01,2.01,72.38,12.96,443.9,343.69,15.93,0
2025-08-20 15:00:00,CR-108,PL-05,3.39,75.2,10.92,448.9,279.25,21.52,0
2025-08-03 14:00:00,CR-142,PL-04,1.19,71.1,10.51,504.8,282.72,14.87,0
2025-08-10 07:00:00,CR-138,PL-04,3.45,68.57,11.67,515.47,307.7,18.5,0
2025-08-16 09:00:00,CR-132,PL-01,5.26,72.06,11.63,467.94,310.81,20.45,0
2025-08-12 20:00:00,CR-145,PL-04,3.97,61.5,12.73,431.15,295.92,18.54,0
2025-08-11 04:00:00,CR-112,PL-03,2.03,71.93,12.18,459.94,296.4,22.92,0
2025-08-10 11:00:00,CR-135,PL-05,5.35,72.28,11.88,433.28,281.68,17.41,0
2025-08-24 09:00:00,CR-112,PL-04,3.49,77.73,11.79,471.87,283.58,10.44,0
2025-08-19 16:00:00,CR-116,PL-05,5.47,74.57,11.9,457.71,294.29,19.37,0
2025-08-08 08:00:00,CR-102,PL-01,3.86,64.21,11.38,456.86,307.27,15.65,0
2025-08-08 10:00:00,CR-146,PL-03,3.6,66.28,12.09,413.14,312.86,20.36,0
2025-08-18 09:00:00,CR-109,PL-03,4.07,71.58,11.43,456.61,265.03,12.08,0
2025-08-28 23:00:00,CR-105,PL-01,2.64,78.31,11.77,479.02,326.58,18.64,0
2025-08-17 16:00:00,CR-115,PL-05,3.98,75.7,11.06,474.79,274.67,15.52,0
2025-08-13 01:00:00,CR-101,PL-04,5.89,66.85,11.42,445.4,293.35,18.33,0
2025-08-22 12:00:00,CR-103,PL-03,4.77,66.97,13.46,470.49,302.75,22.75,0
2025-08-18 21:00:00,CR-138,PL-01,5.38,86.45,13.22,451.99,281.03,17.24,0
2025-08-27 03:00:00,CR-134,PL-02,3.25,70.72,12.98,412.28,295.05,16.6,0
2025-08-06 09:00:00,CR-120,PL-05,4.51,71.33,11.65,468.72,308.73,11.0,0
2025-08-19 05:00:00,CR-148,PL-02,5.13,68.27,12.71,468.77,296.14,15.12,0
2025-08-19 20:00:00,CR-133,PL-03,5.32,73.62,11.72,449.37,285.03,20.51,0
2025-08-11 17:00:00,CR-133,PL-05,4.07,71.98,11.45,470.12,322.4,16.21,0
2025-08-18 19:00:00,CR-134,PL-05,2.99,69.69,10.61,447.86,311.62,10.33,0
2025-08-15 07:00:00,CR-129,PL-05,4.05,73.77,12.11,411.28,319.67,22.96,0
2025-08-29 20:00:00,CR-149,PL-05,5.08,70.64,12.35,441.7,326.34,18.1,0
2025-08-07 22:00:00,CR-139,PL-01,3.77,67.98,12.27,418.36,305.31,21.27,0
2025-08-06 07:00:00,CR-109,PL-01,3.86,67.48,12.53,420.48,319.05,14.52,0
2025-08-03 22:00:00,CR-121,PL-02,4.98,78.72,13.13,466.38,291.29,19.26,0
2025-08-22 23:00:00,CR-110,PL-01,3.38,72.67,12.14,436.74,301.6,25.55,0
2025-08-06 11:00:00,CR-111,PL-05,2.51,68.47,11.1,461.19,304.47,18.82,0
2025-08-04 03:00:00,CR-148,PL-05,4.4,68.15,12.23,421.78,274.99,21.7,0
2025-08-14 08:00:00,CR-124,PL-05,6.46,71.42,10.57,454.03,304.25,22.92,0
2025-08-20 07:00:00,CR-143,PL-02,4.05,66.31,8.95,448.94,316.42,18.9,0
2025-08-10 00:00:00,CR-120,PL-01,2.07,70.77,11.98,394.06,302.22,26.12,0
2025-08-15 21:00:00,CR-145,PL-04,3.12,65.88,13.19,466.32,343.45,18.32,0
2025-08-16 01:00:00,CR-117,PL-03,4.63,75.48,11.57,433.72,294.13,19.47,0
2025-08-27 00:00:00,CR-119,PL-01,2.03,65.81,11.7,464.91,293.91,15.4,0
2025-08-21 08:00:00,CR-138,PL-04,3.35,68.3,13.1,422.3,301.69,14.34,0
2025-08-06 19:00:00,CR-120,PL-04,4.81,72.07,13.94,461.26,296.47,22.79,0
2025-08-13 13:00:00,CR-108,PL-01,3.49,64.07,11.32,394.0,317.21,17.55,0
2025-08-12 18:00:00,CR-115,PL-03,5.6,66.45,13.78,439.65,288.01,14.83,0
2025-08-15 09:00:00,CR-122,PL-01,4.46,59.49,12.47,508.55,285.31,25.94,0
2025-08-25 18:00:00,CR-111,PL-05,4.06,67.74,12.61,414.15,310.62,18.08,0
2025-08-20 21:00:00,CR-142,PL-03,3.68,77.29,14.95,404.99,308.63,13.16,0
2025-08-29 11:00:00,CR-142,PL-04,1.99,64.37,12.03,493.08,271.85,14.69,0
2025-08-26 04:00:00,CR-144,PL-01,3.52,63.79,12.28,504.19,295.3,8.32,0
2025-08-05 06:00:00,CR-119,PL-04,5.11,60.86,12.72,428.43,279.63,10.58,0
2025-08-16 06:00:00,CR-133,PL-02,3.16,71.79,12.93,416.99,311.22,20.44,0
2025-08-20 10:00:00,CR-105,PL-02,4.78,64.11,12.31,464.11,278.84,14.59,0
2025-08-20 23:00:00,CR-139,PL-03,5.01,78.48,11.87,432.87,317.48,18.77,0
2025-08-16 04:00:00,CR-147,PL-01,3.92,67.76,12.25,456.4,263.52,22.96,0
2025-08-12 17:00:00,CR-112,PL-02,5.47,74.27,12.06,476.65,319.16,16.41,0
2025-08-26 08:00:00,CR-127,PL-05,4.0,67.14,11.87,449.08,269.24,13.21,0
2025-08-03 16:00:00,CR-119,PL-02,3.4,68.75,12.47,458.46,287.91,19.71,0
2025-08-02 21:00:00,CR-113,PL-02,3.31,74.14,12.42,522.12,286.32,17.27,0
2025-08-03 00:00:00,CR-108,PL-04,2.87,71.65,12.14,497.52,293.18,19.24,0
2025-08-13 17:00:00,CR-145,PL-01,3.86,77.2,11.41,460.93,324.83,6.29,0
2025-08-25 11:00:00,CR-150,PL-01,5.2,62.89,10.57,477.53,321.02,21.73,0
2025-08-21 21:00:00,CR-110,PL-03,3.54,74.76,13.68,394.21,303.27,11.5,0
2025-08-07 07:00:00,CR-126,PL-05,4.55,71.65,14.64,440.43,281.37,25.45,0
2025-08-25 11:00:00,CR-134,PL-05,4.44,68.9,12.15,407.4,282.76,20.36,0
2025-08-24 18:00:00,CR-121,PL-02,5.05,67.15,11.47,452.28,267.14,21.15,0
2025-08-17 19:00:00,CR-134,PL-03,3.77,74.11,13.22,485.72,308.45,18.44,0
2025-08-19 12:00:00,CR-146,PL-05,4.42,73.21,12.52,477.35,269.34,14.75,0
2025-08-29 18:00:00,CR-102,PL-04,2.6,61.58,13.23,470.71,278.24,19.19,0
2025-08-21 04:00:00,CR-117,PL-03,2.92,65.67,11.63,426.83,262.75,21.44,0
2025-08-22 16:00:00,CR-104,PL-02,3.73,69.22,10.58,470.03,335.89,18.65,0
2025-08-06 00:00:00,CR-101,PL-02,5.17,68.2,10.67,416.96,320.17,8.28,0
2025-08-28 15:00:00,CR-119,PL-02,2.79,58.5,12.89,491.21,271.44,22.37,0
2025-08-18 04:00:00,CR-118,PL-02,3.74,68.1,12.14,507.41,290.45,22.95,0
2025-08-11 11:00:00,CR-140,PL-03,4.87,68.79,12.53,449.23,339.21,18.49,0
2025-08-09 18:00:00,CR-120,PL-05,3.85,74.34,12.56,438.43,284.56,16.11,0
2025-08-18 12:00:00,CR-108,PL-03,4.27,70.73,11.58,410.53,273.4,18.14,0
2025-08-05 09:00:00,CR-120,PL-03,2.64,76.35,13.88,465.27,287.29,14.19,0
2025-08-19 14:00:00,CR-148,PL-02,4.21,58.15,11.58,431.35,318.49,20.0,0
2025-08-16 13:00:00,CR-138,PL-05,4.73,74.4,13.53,395.08,331.49,17.57,0
2025-08-01 12:00:00,CR-141,PL-02,3.38,75.83,11.5,507.59,316.06,18.57,0
2025-08-27 03:00:00,CR-106,PL-01,2.1,62.93,11.8,483.83,307.69,23.33,0
2025-08-09 16:00:00,CR-131,PL-04,4.35,67.66,13.11,424.67,325.98,15.14,0
2025-08-09 11:00:00,CR-110,PL-02,3.97,70.72,12.58,491.73,306.54,16.11,0
2025-08-04 21:00:00,CR-105,PL-04,2.93,66.23,10.46,447.2,302.81,13.78,0
2025-08-29 16:00:00,CR-104,PL-03,3.89,66.62,12.32,420.66,322.88,11.4,0
2025-08-01 13:00:00,CR-140,PL-01,4.35,68.41,11.38,501.87,324.13,21.52,0
2025-08-20 14:00:00,CR-102,PL-05,3.36,81.27,11.57,449.03,284.79,15.98,0
2025-08-09 05:00:00,CR-126,PL-03,3.96,66.64,11.95,515.47,290.45,15.45,0
2025-08-11 23:00:00,CR-112,PL-04,4.4,69.95,11.37,438.1,298.35,11.14,0
2025-08-23 12:00:00,CR-146,PL-02,5.11,67.62,13.93,431.74,283.41,22.16,0
2025-08-08 06:00:00,CR-129,PL-01,3.08,72.85,9.95,470.75,292.15,9.4,0
2025-08-12 14:00:00,CR-116,PL-01,4.42,76.02,12.0,436.38,299.52,12.75,0
2025-08-11 11:00:00,CR-113,PL-04,14.7,93.74,3.5,600.61,148.84,90.71,1
2025-08-28 18:00:00,CR-140,PL-01,3.33,66.78,12.91,429.18,246.24,14.27,0
2025-08-13 01:00:00,CR-124,PL-04,4.55,63.38,9.92,418.65,279.18,20.26,0
2025-08-03 08:00:00,CR-145,PL-05,2.6,74.57,11.67,453.07,333.87,19.26,0
2025-08-10 23:00:00,CR-138,PL-04,3.02,67.49,12.55,420.64,296.87,20.73,0
2025-08-08 03:00:00,CR-124,PL-01,2.87,77.12,11.72,396.8,296.78,21.49,0
2025-08-09 20:00:00,CR-142,PL-03,2.39,70.08,13.68,412.14,299.67,14.79,0
2025-08-05 18:00:00,CR-139,PL-03,3.61,66.31,10.09,498.16,267.18,16.3,0
2025-08-23 03:00:00,CR-125,PL-02,7.28,72.17,11.16,432.06,268.22,17.08,0
2025-08-19 15:00:00,CR-124,PL-05,3.01,68.46,13.54,447.75,324.91,14.8,0
2025-08-19 10:00:00,CR-144,PL-02,5.12,72.8,12.11,439.85,282.44,21.96,0
2025-08-21 15:00:00,CR-143,PL-01,2.47,75.27,13.0,499.91,299.17,18.67,0
2025-08-21 11:00:00,CR-104,PL-02,3.99,73.15,11.53,472.24,309.05,20.31,0
2025-08-07 01:00:00,CR-147,PL-03,1.99,70.6,10.53,444.86,308.74,18.24,0
2025-08-17 14:00:00,CR-111,PL-03,3.93,73.22,12.25,431.19,271.89,21.33,0
2025-08-03 01:00:00,CR-127,PL-04,4.19,75.13,10.97,480.93,332.47,23.67,0
2025-08-11 13:00:00,CR-141,PL-02,5.23,71.65,11.3,469.18,294.91,12.36,0
2025-08-15 10:00:00,CR-121,PL-01,2.42,75.43,11.15,414.07,319.23,8.43,0
2025-08-05 02:00:00,CR-133,PL-02,19.25,117.43,4.32,678.2,100.94,50.95,1
2025-08-17 23:00:00,CR-143,PL-05,4.92,68.45,11.07,481.95,270.19,14.6,0
2025-08-29 20:00:00,CR-125,PL-05,4.35,74.44,10.91,445.79,324.06,13.43,0
2025-08-04 08:00:00,CR-148,PL-03,5.1,80.6,11.7,452.4,305.03,21.3,0
2025-08-07 18:00:00,CR-139,PL-03,3.62,72.99,12.62,465.13,296.14,12.42,0
2025-08-19 10:00:00,CR-125,PL-05,6.38,71.25,10.51,439.09,290.79,18.98,0
2025-08-23 11:00:00,CR-143,PL-03,2.59,76.51,11.04,419.61,290.68,19.89,0
2025-08-18 21:00:00,CR-118,PL-01,5.34,66.21,11.38,489.69,254.99,16.99,0
2025-08-14 00:00:00,CR-138,PL-01,3.35,71.61,13.82,424.59,289.57,23.71,0
2025-08-02 17:00:00,CR-103,PL-05,3.2,74.06,9.3,413.27,300.86,24.51,0
2025-08-02 11:00:00,CR-106,PL-03,4.47,62.89,10.85,468.61,304.79,16.6,0
2025-08-03 03:00:00,CR-130,PL-02,4.6,70.32,10.49,447.15,294.74,24.44,0
2025-08-20 15:00:00,CR-103,PL-04,4.51,71.96,12.33,431.56,279.89,25.49,0
2025-08-07 00:00:00,CR-104,PL-01,4.58,80.43,10.65,440.89,297.74,17.49,0
2025-08-15 08:00:00,CR-104,PL-04,2.89,72.49,12.36,436.34,277.45,8.28,0
2025-08-13 14:00:00,CR-120,PL-01,5.25,70.44,12.67,416.48,341.0,21.4,0
2025-08-04 00:00:00,CR-133,PL-02,2.35,71.22,12.27,425.33,293.64,33.13,0
2025-08-11 23:00:00,CR-122,PL-01,4.18,76.12,11.92,443.78,307.43,20.39,0
2025-08-09 08:00:00,CR-117,PL-02,4.77,68.49,10.91,478.48,309.46,22.93,0
2025-08-13 11:00:00,CR-146,PL-02,3.26,66.03,10.99,482.38,299.17,13.02,0
2025-08-26 12:00:00,CR-135,PL-04,2.45,67.8,12.73,428.35,298.73,21.77,0
2025-08-10 18:00:00,CR-133,PL-03,4.78,69.64,10.37,451.81,253.81,17.58,0
2025-08-01 02:00:00,CR-107,PL-03,4.0,74.68,12.9,475.58,306.87,13.26,0
2025-08-13 18:00:00,CR-122,PL-05,3.13,71.1,10.74,444.83,333.88,19.59,0
2025-08-21 03:00:00,CR-140,PL-01,16.52,104.83,2.54,750.92,140.66,59.66,1
2025-08-29 13:00:00,CR-108,PL-05,4.36,66.65,9.11,489.28,301.66,18.62,0
2025-08-11 16:00:00,CR-112,PL-01,3.36,71.23,12.08,444.54,332.43,21.56,0
2025-08-22 00:00:00,CR-105,PL-03,4.31,65.61,12.66,423.2,328.24,26.32,0
2025-08-18 18:00:00,CR-120,PL-02,12.07,117.75,2.06,673.41,130.22,72.83,1
2025-08-08 03:00:00,CR-145,PL-05,4.43,70.45,12.24,442.84,305.6,18.28,0
2025-08-27 15:00:00,CR-112,PL-05,3.51,68.28,13.54,443.23,306.34,14.32,0
2025-08-30 11:00:00,CR-147,PL-02,5.89,78.29,11.62,440.87,289.78,14.23,0
2025-08-23 08:00:00,CR-139,PL-04,3.1,60.88,10.39,465.17,295.09,16.65,0
2025-08-18 03:00:00,CR-114,PL-02,6.25,75.85,13.06,455.67,305.96,16.19,0
2025-08-24 08:00:00,CR-113,PL-05,5.4,76.12,11.33,417.81,346.87,18.42,0
2025-08-27 14:00:00,CR-144,PL-05,5.41,73.88,11.59,491.95,347.65,21.98,0
2025-08-23 03:00:00,CR-145,PL-05,2.9,68.91,11.72,423.76,278.6,18.8,0
2025-08-28 05:00:00,CR-143,PL-03,2.83,65.43,10.89,418.9,294.42,20.13,0
2025-08-29 02:00:00,CR-119,PL-02,3.67,74.89,12.67,439.77,294.65,22.55,0
2025-08-18 03:00:00,CR-129,PL-01,4.57,65.62,11.34,435.27,313.21,17.01,0
2025-08-03 04:00:00,CR-132,PL-01,2.95,68.21,11.25,380.58,317.06,16.21,0
2025-08-01 11:00:00,CR-139,PL-04,5.78,65.21,11.89,398.5,316.14,22.27,0
2025-08-29 23:00:00,CR-101,PL-01,4.47,67.0,10.8,490.47,303.46,20.02,0
2025-08-07 12:00:00,CR-136,PL-04,4.38,70.93,12.0,460.39,283.43,21.52,0
2025-08-04 01:00:00,CR-138,PL-05,4.0,69.47,11.87,472.23,321.08,15.39,0
2025-08-03 20:00:00,CR-117,PL-02,4.73,70.95,12.19,491.8,299.68,18.72,0
2025-08-02 04:00:00,CR-113,PL-01,5.2,70.4,13.57,436.2,286.57,27.63,0
2025-08-15 01:00:00,CR-115,PL-04,2.56,75.59,12.7,450.74,313.55,25.62,0
2025-08-20 18:00:00,CR-134,PL-01,3.66,76.2,9.98,434.85,298.46,18.55,0
2025-08-10 14:00:00,CR-110,PL-02,4.02,63.75,13.21,507.16,321.29,14.51,0
2025-08-16 05:00:00,CR-146,PL-05,4.0,70.34,14.82,479.08,312.2,21.56,0
2025-08-10 13:00:00,CR-117,PL-04,4.42,74.08,10.99,461.18,298.36,14.33,0
2025-08-30 16:00:00,CR-140,PL-03,4.76,74.12,11.83,486.62,288.45,8.51,0
2025-08-02 00:00:00,CR-110,PL-03,4.48,62.54,12.48,446.0,323.72,22.29,0
2025-08-01 00:00:00,CR-120,PL-01,3.84,69.89,11.63,480.97,303.93,16.18,0
2025-08-29 09:00:00,CR-107,PL-03,3.04,69.83,12.63,447.07,309.02,19.77,0
2025-08-17 13:00:00,CR-112,PL-03,4.6,70.8,11.02,402.23,312.45,22.87,0
2025-08-02 20:00:00,CR-143,PL-05,5.49,60.16,11.97,492.89,327.38,22.41,0
2025-08-28 03:00:00,CR-126,PL-04,5.76,65.57,12.41,397.49,290.72,15.17,0
2025-08-05 04:00:00,CR-110,PL-05,3.04,61.77,13.73,417.54,290.39,16.18,0
2025-08-18 12:00:00,CR-124,PL-01,3.61,77.43,12.56,509.47,313.91,24.72,0
2025-08-19 03:00:00,CR-112,PL-03,4.04,75.63,10.8,474.64,299.85,17.07,0
2025-08-13 14:00:00,CR-117,PL-01,4.67,71.63,9.52,420.93,311.68,28.28,0
2025-08-29 19:00:00,CR-149,PL-01,3.54,76.31,9.58,457.74,267.61,8.81,0
2025-08-03 02:00:00,CR-143,PL-04,2.9,79.11,12.12,446.83,287.47,20.64,0
2025-08-24 17:00:00,CR-134,PL-04,2.72,67.6,14.24,505.67,274.18,17.0,0
2025-08-11 18:00:00,CR-116,PL-02,3.47,72.83,10.13,429.35,325.45,21.94,0
2025-08-21 03:00:00,CR-102,PL-02,4.59,83.52,13.24,533.91,315.11,15.49,0
2025-08-17 09:00:00,CR-110,PL-05,4.79,73.02,12.35,461.08,336.98,15.9,0
2025-08-29 05:00:00,CR-107,PL-01,3.45,71.48,12.46,461.56,258.39,21.44,0
2025-08-27 01:00:00,CR-122,PL-01,6.22,65.38,12.37,462.4,316.56,22.03,0
2025-08-14 09:00:00,CR-103,PL-03,3.91,73.36,12.34,429.73,319.5,12.01,0
2025-08-13 14:00:00,CR-114,PL-03,4.86,72.0,12.17,382.02,320.84,10.02,0
2025-08-19 03:00:00,CR-139,PL-05,4.15,78.12,10.25,507.41,299.91,15.22,0
2025-08-15 14:00:00,CR-127,PL-01,6.04,78.19,13.98,487.27,287.51,14.56,0
2025-08-18 12:00:00,CR-147,PL-05,3.47,77.0,10.87,498.71,292.09,17.51,0
2025-08-05 14:00:00,CR-141,PL-01,3.73,67.62,11.52,429.78,315.08,22.18,0
2025-08-02 11:00:00,CR-135,PL-01,4.89,73.61,12.55,421.43,302.35,17.1,0
2025-08-21 18:00:00,CR-101,PL-05,2.55,70.5,10.7,484.81,279.76,9.66,0
2025-08-14 08:00:00,CR-142,PL-01,3.2,69.07,11.15,476.41,279.77,13.42,0
2025-08-16 06:00:00,CR-136,PL-02,4.9,68.35,11.94,415.41,280.3,8.0,0
2025-08-23 08:00:00,CR-105,PL-05,4.97,64.64,12.32,400.62,304.69,18.89,0
2025-08-18 12:00:00,CR-117,PL-02,4.07,73.73,11.94,437.11,318.28,16.92,0
